Month,Year,County,Med_Tax_Rev,Rec_Tax_Rev,ID
8,2019,Adams,17037.0,,82019Adams
8,2019,Arapahoe,24256.0,,82019Arapahoe
8,2019,Boulder,33557.0,,82019Boulder
8,2019,Denver,392226.0,,82019Denver
8,2019,Eagle,2826.0,,82019Eagle
8,2019,El Paso,270107.0,,82019El Paso
8,2019,Fremont,5548.0,,82019Fremont
8,2019,Garfield,3086.0,,82019Garfield
8,2019,Jefferson,39411.0,,82019Jefferson
8,2019,Larimer,22969.0,,82019Larimer
8,2019,Las Animas,1901.0,,82019Las Animas
8,2019,Montezuma,1102.0,,82019Montezuma
8,2019,Pueblo,21459.0,,82019Pueblo
8,2019,Routt,3878.0,,82019Routt
8,2019,Weld,8858.0,,82019Weld
8,2019,Sum of NR Counties,18015.0,,82019Sum of NR Counties
7,2019,Adams,16539.0,,72019Adams
7,2019,Arapahoe,23076.0,,72019Arapahoe
7,2019,Boulder,29361.0,,72019Boulder
7,2019,Denver,357367.0,,72019Denver
7,2019,Eagle,2501.0,,72019Eagle
7,2019,El Paso,291131.0,,72019El Paso
7,2019,Garfield,3797.0,,72019Garfield
7,2019,Jefferson,39008.0,,72019Jefferson
7,2019,Larimer,19575.0,,72019Larimer
7,2019,Las Animas,1082.0,,72019Las Animas
7,2019,Pueblo,17354.0,,72019Pueblo
7,2019,Routt,3998.0,,72019Routt
7,2019,Summit,2084.0,,72019Summit
7,2019,Weld,8746.0,,72019Weld
7,2019,Sum of NR Counties,22155.0,,72019Sum of NR Counties
6,2019,Adams,40248.0,,62019Adams
6,2019,Arapahoe,34767.0,,62019Arapahoe
6,2019,Boulder,32044.0,,62019Boulder
6,2019,Denver,419366.0,,62019Denver
6,2019,Eagle,2418.0,,62019Eagle
6,2019,El Paso,274695.0,,62019El Paso
6,2019,Garfield,3582.0,,62019Garfield
6,2019,Jefferson,39562.0,,62019Jefferson
6,2019,Larimer,22399.0,,62019Larimer
6,2019,Las Animas,1258.0,,62019Las Animas
6,2019,Pitkin,1555.0,,62019Pitkin
6,2019,Pueblo,21492.0,,62019Pueblo
6,2019,Routt,3863.0,,62019Routt
6,2019,Summit,2319.0,,62019Summit
6,2019,Weld,8798.0,,62019Weld
6,2019,Sum of NR Counties,23047.0,,62019Sum of NR Counties
5,2019,Adams,14932.0,,52019Adams
5,2019,Arapahoe,17175.0,,52019Arapahoe
5,2019,Boulder,32725.0,,52019Boulder
5,2019,Denver,350404.0,,52019Denver
5,2019,Eagle,2546.0,,52019Eagle
5,2019,El Paso,255727.0,,52019El Paso
5,2019,Garfield,3206.0,,52019Garfield
5,2019,Jefferson,27501.0,,52019Jefferson
5,2019,Larimer,22562.0,,52019Larimer
5,2019,Las Animas,958.0,,52019Las Animas
5,2019,Montezuma,1327.0,,52019Montezuma
5,2019,Pitkin,1696.0,,52019Pitkin
5,2019,Pueblo,22190.0,,52019Pueblo
5,2019,Routt,3972.0,,52019Routt
5,2019,Summit,2598.0,,52019Summit
5,2019,Weld,9444.0,,52019Weld
5,2019,Sum of NR Counties,22563.0,,52019Sum of NR Counties
4,2019,Adams,21146.0,,42019Adams
4,2019,Arapahoe,23080.0,,42019Arapahoe
4,2019,Boulder,33388.0,,42019Boulder
4,2019,Denver,346317.0,,42019Denver
4,2019,Eagle,4199.0,,42019Eagle
4,2019,El Paso,264408.0,,42019El Paso
4,2019,Fremont,4323.0,,42019Fremont
4,2019,Garfield,4111.0,,42019Garfield
4,2019,Jefferson,36049.0,,42019Jefferson
4,2019,Larimer,25736.0,,42019Larimer
4,2019,Las Animas,1114.0,,42019Las Animas
4,2019,Montezuma,1261.0,,42019Montezuma
4,2019,Pitkin,1496.0,,42019Pitkin
4,2019,Pueblo,21617.0,,42019Pueblo
4,2019,Routt,4195.0,,42019Routt
4,2019,Summit,2536.0,,42019Summit
4,2019,Weld,9085.0,,42019Weld
4,2019,Sum of NR Counties,18282.0,,42019Sum of NR Counties
3,2019,Adams,16041.0,,32019Adams
3,2019,Arapahoe,29064.0,,32019Arapahoe
3,2019,Boulder,31224.0,,32019Boulder
3,2019,Denver,307975.0,,32019Denver
3,2019,El Paso,225598.0,,32019El Paso
3,2019,Garfield,4507.0,,32019Garfield
3,2019,Jefferson,31523.0,,32019Jefferson
3,2019,Larimer,21259.0,,32019Larimer
3,2019,Las Animas,576.0,,32019Las Animas
3,2019,Montezuma,1339.0,,32019Montezuma
3,2019,Pitkin,1871.0,,32019Pitkin
3,2019,Pueblo,14854.0,,32019Pueblo
3,2019,Routt,3669.0,,32019Routt
3,2019,Summit,2257.0,,32019Summit
3,2019,Weld,8445.0,,32019Weld
3,2019,Sum of NR Counties,20467.0,,32019Sum of NR Counties
2,2019,Adams,15881.0,,22019Adams
2,2019,Arapahoe,30402.0,,22019Arapahoe
2,2019,Boulder,34428.0,,22019Boulder
2,2019,Denver,318162.0,,22019Denver
2,2019,El Paso,201245.0,,22019El Paso
2,2019,Fremont,3868.0,,22019Fremont
2,2019,Garfield,5016.0,,22019Garfield
2,2019,Jefferson,43310.0,,22019Jefferson
2,2019,Larimer,20871.0,,22019Larimer
2,2019,Las Animas,658.0,,22019Las Animas
2,2019,Montezuma,1314.0,,22019Montezuma
2,2019,Pueblo,17217.0,,22019Pueblo
2,2019,Routt,3893.0,,22019Routt
2,2019,Summit,2712.0,,22019Summit
2,2019,Weld,9111.0,,22019Weld
2,2019,Sum of NR Counties,19258.77,,22019Sum of NR Counties
12,2018,Adams,14927.0,,122018Adams
12,2018,Alamosa,0.0,,122018Alamosa
12,2018,Arapahoe,31430.0,,122018Arapahoe
12,2018,Boulder,35788.0,,122018Boulder
12,2018,Chaffee,0.0,,122018Chaffee
12,2018,Clear Creek,614.0,,122018Clear Creek
12,2018,Denver,350452.0,,122018Denver
12,2018,Eagle,2285.0,,122018Eagle
12,2018,El Paso,213030.0,,122018El Paso
12,2018,Fremont,4903.0,,122018Fremont
12,2018,Garfield,3364.0,,122018Garfield
12,2018,Grand,0.0,,122018Grand
12,2018,Jefferson,42989.0,,122018Jefferson
12,2018,La Plata,0.0,,122018La Plata
12,2018,Larimer,25049.0,,122018Larimer
12,2018,Las Animas,641.0,,122018Las Animas
12,2018,Mesa,0.0,,122018Mesa
12,2018,Moffat,0.0,,122018Moffat
12,2018,Montezuma,1359.0,,122018Montezuma
12,2018,Montrose,0.0,,122018Montrose
12,2018,Morgan,0.0,,122018Morgan
12,2018,Otero,0.0,,122018Otero
12,2018,Park,0.0,,122018Park
12,2018,Pitkin,936.0,,122018Pitkin
12,2018,Pueblo,16183.0,,122018Pueblo
12,2018,Routt,3518.0,,122018Routt
12,2018,San Miguel,0.0,,122018San Miguel
12,2018,Sedgwick,0.0,,122018Sedgwick
12,2018,Summit,2975.0,,122018Summit
12,2018,Weld,9838.0,,122018Weld
12,2018,Sum of NR Counties,18870.0,,122018Sum of NR Counties
11,2018,Adams,12763.0,,112018Adams
11,2018,Alamosa,0.0,,112018Alamosa
11,2018,Arapahoe,22223.0,,112018Arapahoe
11,2018,Boulder,36501.0,,112018Boulder
11,2018,Chaffee,0.0,,112018Chaffee
11,2018,Clear Creek,562.0,,112018Clear Creek
11,2018,Denver,325870.0,,112018Denver
11,2018,Eagle,2302.0,,112018Eagle
11,2018,El Paso,232217.0,,112018El Paso
11,2018,Fremont,3238.0,,112018Fremont
11,2018,Garfield,4552.0,,112018Garfield
11,2018,Grand,0.0,,112018Grand
11,2018,Jefferson,31191.0,,112018Jefferson
11,2018,La Plata,0.0,,112018La Plata
11,2018,Larimer,26235.0,,112018Larimer
11,2018,Las Animas,781.0,,112018Las Animas
11,2018,Mesa,0.0,,112018Mesa
11,2018,Moffat,0.0,,112018Moffat
11,2018,Montezuma,1311.0,,112018Montezuma
11,2018,Montrose,0.0,,112018Montrose
11,2018,Morgan,0.0,,112018Morgan
11,2018,Otero,0.0,,112018Otero
11,2018,Park,0.0,,112018Park
11,2018,Pitkin,949.0,,112018Pitkin
11,2018,Pueblo,22884.0,,112018Pueblo
11,2018,Routt,3720.0,,112018Routt
11,2018,San Miguel,0.0,,112018San Miguel
11,2018,Sedgwick,0.0,,112018Sedgwick
11,2018,Summit,2692.0,,112018Summit
11,2018,Weld,9382.0,,112018Weld
11,2018,Sum of NR Counties,19352.0,,112018Sum of NR Counties
10,2018,Adams,13322.0,,102018Adams
10,2018,Alamosa,0.0,,102018Alamosa
10,2018,Arapahoe,22042.0,,102018Arapahoe
10,2018,Boulder,37751.0,,102018Boulder
10,2018,Chaffee,0.0,,102018Chaffee
10,2018,Clear Creek,761.0,,102018Clear Creek
10,2018,Denver,375357.0,,102018Denver
10,2018,Eagle,2444.0,,102018Eagle
10,2018,El Paso,217313.0,,102018El Paso
10,2018,Fremont,4280.0,,102018Fremont
10,2018,Garfield,5205.0,,102018Garfield
10,2018,Grand,0.0,,102018Grand
10,2018,Jefferson,30674.0,,102018Jefferson
10,2018,La Plata,0.0,,102018La Plata
10,2018,Larimer,26149.0,,102018Larimer
10,2018,Las Animas,1395.0,,102018Las Animas
10,2018,Mesa,0.0,,102018Mesa
10,2018,Moffat,0.0,,102018Moffat
10,2018,Montezuma,1750.0,,102018Montezuma
10,2018,Montrose,0.0,,102018Montrose
10,2018,Morgan,0.0,,102018Morgan
10,2018,Otero,0.0,,102018Otero
10,2018,Park,0.0,,102018Park
10,2018,Pitkin,1333.0,,102018Pitkin
10,2018,Pueblo,15810.0,,102018Pueblo
10,2018,Routt,3789.0,,102018Routt
10,2018,San Miguel,0.0,,102018San Miguel
10,2018,Sedgwick,0.0,,102018Sedgwick
10,2018,Summit,2638.0,,102018Summit
10,2018,Weld,8798.0,,102018Weld
10,2018,Sum of NR Counties,20171.0,,102018Sum of NR Counties
9,2018,Adams,11283.0,,92018Adams
9,2018,Alamosa,0.0,,92018Alamosa
9,2018,Arapahoe,34311.0,,92018Arapahoe
9,2018,Archuleta,0.0,,92018Archuleta
9,2018,Boulder,47559.0,,92018Boulder
9,2018,Chaffee,0.0,,92018Chaffee
9,2018,Clear Creek,0.0,,92018Clear Creek
9,2018,Denver,363832.0,,92018Denver
9,2018,Eagle,2817.0,,92018Eagle
9,2018,El Paso,210772.0,,92018El Paso
9,2018,Fremont,0.0,,92018Fremont
9,2018,Garfield,5355.0,,92018Garfield
9,2018,Gilpin,0.0,,92018Gilpin
9,2018,Grand,0.0,,92018Grand
9,2018,Jefferson,51799.0,,92018Jefferson
9,2018,La Plata,0.0,,92018La Plata
9,2018,Larimer,39310.0,,92018Larimer
9,2018,Las Animas,740.0,,92018Las Animas
9,2018,Mesa,0.0,,92018Mesa
9,2018,Montezuma,1478.0,,92018Montezuma
9,2018,Montrose,0.0,,92018Montrose
9,2018,Morgan,0.0,,92018Morgan
9,2018,Otero,0.0,,92018Otero
9,2018,Park,0.0,,92018Park
9,2018,Pitkin,0.0,,92018Pitkin
9,2018,Pueblo,12698.0,,92018Pueblo
9,2018,Routt,4413.0,,92018Routt
9,2018,San Miguel,0.0,,92018San Miguel
9,2018,Sedgwick,0.0,,92018Sedgwick
9,2018,Summit,2930.0,,92018Summit
9,2018,Teller,0.0,,92018Teller
9,2018,Weld,9305.0,,92018Weld
9,2018,Sum of NR Counties,27375.0,,92018Sum of NR Counties
8,2018,Adams,10430.0,,82018Adams
8,2018,Alamosa,0.0,,82018Alamosa
8,2018,Arapahoe,22523.0,,82018Arapahoe
8,2018,Archuleta,0.0,,82018Archuleta
8,2018,Boulder,39960.0,,82018Boulder
8,2018,Chaffee,0.0,,82018Chaffee
8,2018,Clear Creek,635.0,,82018Clear Creek
8,2018,Denver,362184.0,,82018Denver
8,2018,Eagle,2572.0,,82018Eagle
8,2018,El Paso,208085.0,,82018El Paso
8,2018,Fremont,5553.0,,82018Fremont
8,2018,Garfield,5564.0,,82018Garfield
8,2018,Gilpin,0.0,,82018Gilpin
8,2018,Grand,0.0,,82018Grand
8,2018,Jefferson,30661.0,,82018Jefferson
8,2018,La Plata,7117.0,,82018La Plata
8,2018,Larimer,20477.0,,82018Larimer
8,2018,Las Animas,896.0,,82018Las Animas
8,2018,Mesa,0.0,,82018Mesa
8,2018,Moffat,0.0,,82018Moffat
8,2018,Montezuma,1462.0,,82018Montezuma
8,2018,Montrose,0.0,,82018Montrose
8,2018,Morgan,0.0,,82018Morgan
8,2018,Otero,0.0,,82018Otero
8,2018,Ouray,0.0,,82018Ouray
8,2018,Park,0.0,,82018Park
8,2018,Pitkin,1321.0,,82018Pitkin
8,2018,Pueblo,14939.0,,82018Pueblo
8,2018,Routt,3832.0,,82018Routt
8,2018,San Miguel,0.0,,82018San Miguel
8,2018,Sedgwick,0.0,,82018Sedgwick
8,2018,Summit,2554.0,,82018Summit
8,2018,Weld,8769.0,,82018Weld
8,2018,Sum of NR Counties,15554.0,,82018Sum of NR Counties
7,2018,Adams,8872.0,,72018Adams
7,2018,Alamosa,0.0,,72018Alamosa
7,2018,Arapahoe,16931.0,,72018Arapahoe
7,2018,Archuleta,0.0,,72018Archuleta
7,2018,Boulder,38413.0,,72018Boulder
7,2018,Chaffee,0.0,,72018Chaffee
7,2018,Clear Creek,584.0,,72018Clear Creek
7,2018,Denver,329663.0,,72018Denver
7,2018,Eagle,2803.0,,72018Eagle
7,2018,El Paso,225358.0,,72018El Paso
7,2018,Fremont,4139.0,,72018Fremont
7,2018,Garfield,7497.0,,72018Garfield
7,2018,Gilpin,0.0,,72018Gilpin
7,2018,Grand,0.0,,72018Grand
7,2018,Jefferson,28040.0,,72018Jefferson
7,2018,La Plata,8076.0,,72018La Plata
7,2018,Larimer,26215.0,,72018Larimer
7,2018,Las Animas,1004.0,,72018Las Animas
7,2018,Mesa,0.0,,72018Mesa
7,2018,Moffat,0.0,,72018Moffat
7,2018,Montezuma,1464.0,,72018Montezuma
7,2018,Montrose,0.0,,72018Montrose
7,2018,Morgan,0.0,,72018Morgan
7,2018,Otero,0.0,,72018Otero
7,2018,Ouray,0.0,,72018Ouray
7,2018,Park,0.0,,72018Park
7,2018,Pitkin,1460.0,,72018Pitkin
7,2018,Pueblo,19999.0,,72018Pueblo
7,2018,Routt,3553.0,,72018Routt
7,2018,San Miguel,0.0,,72018San Miguel
7,2018,Sedgwick,0.0,,72018Sedgwick
7,2018,Summit,2364.0,,72018Summit
7,2018,Weld,9300.0,,72018Weld
7,2018,Sum of NR Counties,15780.0,,72018Sum of NR Counties
6,2018,Adams,12139.0,,62018Adams
6,2018,Alamosa,0.0,,62018Alamosa
6,2018,Arapahoe,20062.0,,62018Arapahoe
6,2018,Archuleta,0.0,,62018Archuleta
6,2018,Boulder,40594.0,,62018Boulder
6,2018,Chaffee,0.0,,62018Chaffee
6,2018,Clear Creek,712.0,,62018Clear Creek
6,2018,Denver,299207.0,,62018Denver
6,2018,Eagle,3158.0,,62018Eagle
6,2018,El Paso,213698.0,,62018El Paso
6,2018,Fremont,4147.0,,62018Fremont
6,2018,Garfield,8837.0,,62018Garfield
6,2018,Gilpin,0.0,,62018Gilpin
6,2018,Grand,0.0,,62018Grand
6,2018,Jefferson,52231.0,,62018Jefferson
6,2018,La Plata,7303.0,,62018La Plata
6,2018,Larimer,27045.0,,62018Larimer
6,2018,Las Animas,1259.0,,62018Las Animas
6,2018,Mesa,0.0,,62018Mesa
6,2018,Moffat,0.0,,62018Moffat
6,2018,Montezuma,1329.0,,62018Montezuma
6,2018,Montrose,0.0,,62018Montrose
6,2018,Morgan,0.0,,62018Morgan
6,2018,Otero,0.0,,62018Otero
6,2018,Ouray,0.0,,62018Ouray
6,2018,Park,0.0,,62018Park
6,2018,Pitkin,1303.0,,62018Pitkin
6,2018,Pueblo,9735.0,,62018Pueblo
6,2018,Routt,4289.0,,62018Routt
6,2018,San Miguel,0.0,,62018San Miguel
6,2018,Sedgwick,0.0,,62018Sedgwick
6,2018,Summit,2891.0,,62018Summit
6,2018,Weld,9289.0,,62018Weld
6,2018,Sum of NR Counties,15543.0,,62018Sum of NR Counties
5,2018,Adams,12832.0,,52018Adams
5,2018,Alamosa,0.0,,52018Alamosa
5,2018,Arapahoe,22006.0,,52018Arapahoe
5,2018,Archuleta,0.0,,52018Archuleta
5,2018,Boulder,50915.0,,52018Boulder
5,2018,Chaffee,0.0,,52018Chaffee
5,2018,Clear Creek,0.0,,52018Clear Creek
5,2018,Denver,346635.0,,52018Denver
5,2018,Eagle,4331.0,,52018Eagle
5,2018,El Paso,269582.0,,52018El Paso
5,2018,Fremont,4093.0,,52018Fremont
5,2018,Garfield,7065.0,,52018Garfield
5,2018,Gilpin,0.0,,52018Gilpin
5,2018,Grand,0.0,,52018Grand
5,2018,Jefferson,42353.0,,52018Jefferson
5,2018,La Plata,7580.0,,52018La Plata
5,2018,Larimer,29016.0,,52018Larimer
5,2018,Las Animas,1181.0,,52018Las Animas
5,2018,Mesa,0.0,,52018Mesa
5,2018,Moffat,0.0,,52018Moffat
5,2018,Montezuma,1277.0,,52018Montezuma
5,2018,Montrose,0.0,,52018Montrose
5,2018,Morgan,0.0,,52018Morgan
5,2018,Otero,0.0,,52018Otero
5,2018,Ouray,0.0,,52018Ouray
5,2018,Park,0.0,,52018Park
5,2018,Pitkin,2658.0,,52018Pitkin
5,2018,Pueblo,16433.0,,52018Pueblo
5,2018,Routt,4436.0,,52018Routt
5,2018,San Miguel,0.0,,52018San Miguel
5,2018,Sedgwick,0.0,,52018Sedgwick
5,2018,Summit,3091.0,,52018Summit
5,2018,Weld,10516.0,,52018Weld
5,2018,Sum of NR Counties,23915.0,,52018Sum of NR Counties
4,2018,Adams,11528.0,,42018Adams
4,2018,Alamosa,0.0,,42018Alamosa
4,2018,Arapahoe,36520.0,,42018Arapahoe
4,2018,Archuleta,0.0,,42018Archuleta
4,2018,Boulder,40955.0,,42018Boulder
4,2018,Chaffee,0.0,,42018Chaffee
4,2018,Clear Creek,1221.0,,42018Clear Creek
4,2018,Denver,350745.0,,42018Denver
4,2018,Eagle,3010.0,,42018Eagle
4,2018,El Paso,197924.0,,42018El Paso
4,2018,Fremont,3250.0,,42018Fremont
4,2018,Garfield,6062.0,,42018Garfield
4,2018,Gilpin,0.0,,42018Gilpin
4,2018,Grand,0.0,,42018Grand
4,2018,Jefferson,46567.0,,42018Jefferson
4,2018,La Plata,7058.0,,42018La Plata
4,2018,Larimer,30385.0,,42018Larimer
4,2018,Las Animas,687.0,,42018Las Animas
4,2018,Mesa,0.0,,42018Mesa
4,2018,Moffat,0.0,,42018Moffat
4,2018,Montezuma,1552.0,,42018Montezuma
4,2018,Montrose,0.0,,42018Montrose
4,2018,Morgan,0.0,,42018Morgan
4,2018,Ouray,0.0,,42018Ouray
4,2018,Park,0.0,,42018Park
4,2018,Pitkin,0.0,,42018Pitkin
4,2018,Pueblo,14317.0,,42018Pueblo
4,2018,Routt,4942.0,,42018Routt
4,2018,San Miguel,0.0,,42018San Miguel
4,2018,Sedgwick,0.0,,42018Sedgwick
4,2018,Summit,3479.0,,42018Summit
4,2018,Weld,10373.0,,42018Weld
4,2018,Sum of NR Counties,13129.0,,42018Sum of NR Counties
3,2018,Adams,10534.0,,32018Adams
3,2018,Alamosa,0.0,,32018Alamosa
3,2018,Arapahoe,21125.0,,32018Arapahoe
3,2018,Archuleta,0.0,,32018Archuleta
3,2018,Boulder,48159.0,,32018Boulder
3,2018,Chaffee,0.0,,32018Chaffee
3,2018,Clear Creek,742.0,,32018Clear Creek
3,2018,Denver,313884.0,,32018Denver
3,2018,Eagle,3352.0,,32018Eagle
3,2018,El Paso,214919.0,,32018El Paso
3,2018,Fremont,3783.0,,32018Fremont
3,2018,Garfield,6855.0,,32018Garfield
3,2018,Gilpin,0.0,,32018Gilpin
3,2018,Grand,0.0,,32018Grand
3,2018,Gunnison,0.0,,32018Gunnison
3,2018,Jefferson,24284.0,,32018Jefferson
3,2018,La Plata,7713.0,,32018La Plata
3,2018,Larimer,27883.0,,32018Larimer
3,2018,Las Animas,1011.0,,32018Las Animas
3,2018,Mesa,0.0,,32018Mesa
3,2018,Moffat,0.0,,32018Moffat
3,2018,Montezuma,1463.0,,32018Montezuma
3,2018,Montrose,0.0,,32018Montrose
3,2018,Morgan,0.0,,32018Morgan
3,2018,Otero,0.0,,32018Otero
3,2018,Ouray,0.0,,32018Ouray
3,2018,Park,0.0,,32018Park
3,2018,Pitkin,1626.0,,32018Pitkin
3,2018,Pueblo,16070.0,,32018Pueblo
3,2018,Routt,4308.0,,32018Routt
3,2018,San Miguel,0.0,,32018San Miguel
3,2018,Sedgwick,0.0,,32018Sedgwick
3,2018,Summit,2997.0,,32018Summit
3,2018,Weld,9165.0,,32018Weld
3,2018,Sum of NR Counties,15088.0,,32018Sum of NR Counties
2,2018,Adams,10047.0,,22018Adams
2,2018,Alamosa,0.0,,22018Alamosa
2,2018,Arapahoe,25400.0,,22018Arapahoe
2,2018,Archuleta,0.0,,22018Archuleta
2,2018,Boulder,47908.0,,22018Boulder
2,2018,Chaffee,0.0,,22018Chaffee
2,2018,Clear Creek,795.0,,22018Clear Creek
2,2018,Denver,353791.0,,22018Denver
2,2018,Eagle,2148.0,,22018Eagle
2,2018,El Paso,211394.0,,22018El Paso
2,2018,Fremont,3781.0,,22018Fremont
2,2018,Garfield,6667.0,,22018Garfield
2,2018,Gilpin,0.0,,22018Gilpin
2,2018,Grand,0.0,,22018Grand
2,2018,Jefferson,31881.0,,22018Jefferson
2,2018,La Plata,7721.0,,22018La Plata
2,2018,Larimer,30632.0,,22018Larimer
2,2018,Las Animas,1246.0,,22018Las Animas
2,2018,Mesa,0.0,,22018Mesa
2,2018,Moffat,0.0,,22018Moffat
2,2018,Montezuma,1531.0,,22018Montezuma
2,2018,Montrose,0.0,,22018Montrose
2,2018,Morgan,0.0,,22018Morgan
2,2018,Otero,0.0,,22018Otero
2,2018,Ouray,0.0,,22018Ouray
2,2018,Park,0.0,,22018Park
2,2018,Pitkin,1831.0,,22018Pitkin
2,2018,Pueblo,22316.0,,22018Pueblo
2,2018,Routt,4637.0,,22018Routt
2,2018,San Miguel,0.0,,22018San Miguel
2,2018,Sedgwick,0.0,,22018Sedgwick
2,2018,Summit,3329.0,,22018Summit
2,2018,Weld,9757.0,,22018Weld
2,2018,Sum of NR Counties,16126.0,,22018Sum of NR Counties
1,2018,Adams,12001.0,,12018Adams
1,2018,Alamosa,0.0,,12018Alamosa
1,2018,Arapahoe,26048.0,,12018Arapahoe
1,2018,Archuleta,0.0,,12018Archuleta
1,2018,Boulder,53814.0,,12018Boulder
1,2018,Chaffee,0.0,,12018Chaffee
1,2018,Clear Creek,871.0,,12018Clear Creek
1,2018,Denver,406884.0,,12018Denver
1,2018,Eagle,3722.0,,12018Eagle
1,2018,El Paso,236730.0,,12018El Paso
1,2018,Fremont,4539.0,,12018Fremont
1,2018,Garfield,6550.0,,12018Garfield
1,2018,Gilpin,0.0,,12018Gilpin
1,2018,Grand,0.0,,12018Grand
1,2018,Gunnison,0.0,,12018Gunnison
1,2018,Jefferson,52353.0,,12018Jefferson
1,2018,La Plata,8393.0,,12018La Plata
1,2018,Larimer,34043.0,,12018Larimer
1,2018,Las Animas,1398.0,,12018Las Animas
1,2018,Mesa,0.0,,12018Mesa
1,2018,Moffat,0.0,,12018Moffat
1,2018,Montezuma,1903.0,,12018Montezuma
1,2018,Montrose,0.0,,12018Montrose
1,2018,Morgan,0.0,,12018Morgan
1,2018,Otero,0.0,,12018Otero
1,2018,Ouray,0.0,,12018Ouray
1,2018,Park,0.0,,12018Park
1,2018,Pitkin,1620.0,,12018Pitkin
1,2018,Pueblo,14941.0,,12018Pueblo
1,2018,Routt,4921.0,,12018Routt
1,2018,San Miguel,0.0,,12018San Miguel
1,2018,Sedgwick,0.0,,12018Sedgwick
1,2018,Summit,3552.0,,12018Summit
1,2018,Teller,0.0,,12018Teller
1,2018,Weld,11638.0,,12018Weld
1,2018,Sum of NR Counties,16330.0,,12018Sum of NR Counties
12,2017,Adams,11440.0,,122017Adams
12,2017,Alamosa,0.0,,122017Alamosa
12,2017,Arapahoe,29558.0,,122017Arapahoe
12,2017,Archuleta,0.0,,122017Archuleta
12,2017,Boulder,52374.0,,122017Boulder
12,2017,Chaffee,0.0,,122017Chaffee
12,2017,Clear Creek,1038.0,,122017Clear Creek
12,2017,Denver,366058.0,,122017Denver
12,2017,Eagle,3327.0,,122017Eagle
12,2017,El Paso,206701.0,,122017El Paso
12,2017,Fremont,3312.0,,122017Fremont
12,2017,Garfield,6839.0,,122017Garfield
12,2017,Gilpin,0.0,,122017Gilpin
12,2017,Grand,0.0,,122017Grand
12,2017,Gunnison,0.0,,122017Gunnison
12,2017,Jefferson,40427.0,,122017Jefferson
12,2017,La Plata,7055.0,,122017La Plata
12,2017,Larimer,27212.0,,122017Larimer
12,2017,Las Animas,1022.0,,122017Las Animas
12,2017,Mesa,0.0,,122017Mesa
12,2017,Montezuma,1527.0,,122017Montezuma
12,2017,Montrose,0.0,,122017Montrose
12,2017,Morgan,0.0,,122017Morgan
12,2017,Otero,0.0,,122017Otero
12,2017,Ouray,0.0,,122017Ouray
12,2017,Park,0.0,,122017Park
12,2017,Pitkin,1513.0,,122017Pitkin
12,2017,Pueblo,10969.0,,122017Pueblo
12,2017,Routt,0.0,,122017Routt
12,2017,San Miguel,0.0,,122017San Miguel
12,2017,Sedgwick,0.0,,122017Sedgwick
12,2017,Summit,3219.0,,122017Summit
12,2017,Weld,9840.0,,122017Weld
12,2017,Sum of NR Counties,18207.0,,122017Sum of NR Counties
11,2017,Adams,26582.0,,112017Adams
11,2017,Alamosa,0.0,,112017Alamosa
11,2017,Arapahoe,24137.0,,112017Arapahoe
11,2017,Archuleta,0.0,,112017Archuleta
11,2017,Boulder,51056.0,,112017Boulder
11,2017,Chaffee,0.0,,112017Chaffee
11,2017,Clear Creek,882.0,,112017Clear Creek
11,2017,Denver,466517.0,,112017Denver
11,2017,Eagle,3401.0,,112017Eagle
11,2017,El Paso,227708.0,,112017El Paso
11,2017,Fremont,4018.0,,112017Fremont
11,2017,Garfield,8647.0,,112017Garfield
11,2017,Gilpin,0.0,,112017Gilpin
11,2017,Grand,0.0,,112017Grand
11,2017,Gunnison,0.0,,112017Gunnison
11,2017,Jefferson,49255.0,,112017Jefferson
11,2017,La Plata,8389.0,,112017La Plata
11,2017,Larimer,29191.0,,112017Larimer
11,2017,Las Animas,999.0,,112017Las Animas
11,2017,Mesa,0.0,,112017Mesa
11,2017,Moffat,0.0,,112017Moffat
11,2017,Montezuma,1302.0,,112017Montezuma
11,2017,Montrose,0.0,,112017Montrose
11,2017,Morgan,0.0,,112017Morgan
11,2017,Otero,0.0,,112017Otero
11,2017,Park,0.0,,112017Park
11,2017,Pitkin,1611.0,,112017Pitkin
11,2017,Pueblo,14313.0,,112017Pueblo
11,2017,Routt,0.0,,112017Routt
11,2017,San Miguel,0.0,,112017San Miguel
11,2017,Sedgwick,0.0,,112017Sedgwick
11,2017,Summit,3391.0,,112017Summit
11,2017,Teller,0.0,,112017Teller
11,2017,Weld,9155.0,,112017Weld
11,2017,Sum of NR Counties,20312.0,,112017Sum of NR Counties
10,2017,Adams,29766.0,,102017Adams
10,2017,Alamosa,0.0,,102017Alamosa
10,2017,Arapahoe,22182.0,,102017Arapahoe
10,2017,Archuleta,0.0,,102017Archuleta
10,2017,Boulder,49754.0,,102017Boulder
10,2017,Chaffee,0.0,,102017Chaffee
10,2017,Clear Creek,1160.0,,102017Clear Creek
10,2017,Costilla,0.0,,102017Costilla
10,2017,Denver,502759.0,,102017Denver
10,2017,Eagle,4087.0,,102017Eagle
10,2017,El Paso,240981.0,,102017El Paso
10,2017,Fremont,4667.0,,102017Fremont
10,2017,Garfield,10787.0,,102017Garfield
10,2017,Gilpin,0.0,,102017Gilpin
10,2017,Grand,0.0,,102017Grand
10,2017,Jefferson,40777.0,,102017Jefferson
10,2017,La Plata,8462.0,,102017La Plata
10,2017,Larimer,32452.0,,102017Larimer
10,2017,Las Animas,1181.0,,102017Las Animas
10,2017,Mesa,0.0,,102017Mesa
10,2017,Moffat,0.0,,102017Moffat
10,2017,Montezuma,2098.0,,102017Montezuma
10,2017,Montrose,0.0,,102017Montrose
10,2017,Morgan,0.0,,102017Morgan
10,2017,Otero,0.0,,102017Otero
10,2017,Ouray,0.0,,102017Ouray
10,2017,Park,0.0,,102017Park
10,2017,Pitkin,1816.0,,102017Pitkin
10,2017,Pueblo,15471.0,,102017Pueblo
10,2017,Routt,0.0,,102017Routt
10,2017,San Miguel,580.0,,102017San Miguel
10,2017,Sedgwick,0.0,,102017Sedgwick
10,2017,Summit,3245.0,,102017Summit
10,2017,Weld,9260.0,,102017Weld
10,2017,Sum of NR Counties,21774.0,,102017Sum of NR Counties
9,2017,Adams,30520.0,,92017Adams
9,2017,Alamosa,0.0,,92017Alamosa
9,2017,Arapahoe,32494.0,,92017Arapahoe
9,2017,Archuleta,0.0,,92017Archuleta
9,2017,Boulder,50861.0,,92017Boulder
9,2017,Chaffee,0.0,,92017Chaffee
9,2017,Clear Creek,1102.0,,92017Clear Creek
9,2017,Costilla,0.0,,92017Costilla
9,2017,Denver,508760.0,,92017Denver
9,2017,Eagle,4343.0,,92017Eagle
9,2017,El Paso,232556.0,,92017El Paso
9,2017,Fremont,5245.0,,92017Fremont
9,2017,Garfield,9881.0,,92017Garfield
9,2017,Gilpin,0.0,,92017Gilpin
9,2017,Grand,0.0,,92017Grand
9,2017,Jefferson,44969.0,,92017Jefferson
9,2017,La Plata,8916.0,,92017La Plata
9,2017,Larimer,31565.0,,92017Larimer
9,2017,Las Animas,1333.0,,92017Las Animas
9,2017,Mesa,0.0,,92017Mesa
9,2017,Moffat,0.0,,92017Moffat
9,2017,Montezuma,2667.0,,92017Montezuma
9,2017,Montrose,0.0,,92017Montrose
9,2017,Morgan,0.0,,92017Morgan
9,2017,Otero,0.0,,92017Otero
9,2017,Park,0.0,,92017Park
9,2017,Pitkin,1867.0,,92017Pitkin
9,2017,Pueblo,21657.0,,92017Pueblo
9,2017,Routt,0.0,,92017Routt
9,2017,San Miguel,473.0,,92017San Miguel
9,2017,Sedgwick,0.0,,92017Sedgwick
9,2017,Summit,3159.0,,92017Summit
9,2017,Teller,0.0,,92017Teller
9,2017,Weld,8927.0,,92017Weld
9,2017,Sum of NR Counties,23236.0,,92017Sum of NR Counties
8,2017,Adams,26195.0,,82017Adams
8,2017,Alamosa,0.0,,82017Alamosa
8,2017,Arapahoe,29587.0,,82017Arapahoe
8,2017,Archuleta,0.0,,82017Archuleta
8,2017,Boulder,55997.0,,82017Boulder
8,2017,Chaffee,0.0,,82017Chaffee
8,2017,Clear Creek,921.0,,82017Clear Creek
8,2017,Costilla,0.0,,82017Costilla
8,2017,Denver,507955.0,,82017Denver
8,2017,Eagle,3990.0,,82017Eagle
8,2017,El Paso,234542.0,,82017El Paso
8,2017,Fremont,5740.0,,82017Fremont
8,2017,Garfield,6908.0,,82017Garfield
8,2017,Gilpin,0.0,,82017Gilpin
8,2017,Grand,0.0,,82017Grand
8,2017,Gunnison,0.0,,82017Gunnison
8,2017,Jefferson,32199.0,,82017Jefferson
8,2017,La Plata,8696.0,,82017La Plata
8,2017,Larimer,33455.0,,82017Larimer
8,2017,Las Animas,0.0,,82017Las Animas
8,2017,Mesa,0.0,,82017Mesa
8,2017,Moffat,0.0,,82017Moffat
8,2017,Montezuma,2047.0,,82017Montezuma
8,2017,Montrose,0.0,,82017Montrose
8,2017,Morgan,0.0,,82017Morgan
8,2017,Otero,0.0,,82017Otero
8,2017,Ouray,0.0,,82017Ouray
8,2017,Park,0.0,,82017Park
8,2017,Pitkin,2076.0,,82017Pitkin
8,2017,Pueblo,17460.0,,82017Pueblo
8,2017,Routt,0.0,,82017Routt
8,2017,San Miguel,753.0,,82017San Miguel
8,2017,Sedgwick,0.0,,82017Sedgwick
8,2017,Summit,3351.0,,82017Summit
8,2017,Weld,8132.0,,82017Weld
8,2017,Sum of NR Counties,23556.0,,82017Sum of NR Counties
7,2017,Adams,30597.0,139506.0,72017Adams
7,2017,Arapahoe,34103.0,279150.0,72017Arapahoe
7,2017,Archuleta,0.0,19763.0,72017Archuleta
7,2017,Boulder,53398.0,200148.0,72017Boulder
7,2017,Chaffee,0.0,16274.0,72017Chaffee
7,2017,Clear Creek,1585.0,16559.0,72017Clear Creek
7,2017,Conejos,,14534.0,72017Conejos
7,2017,Costilla,0.0,11438.0,72017Costilla
7,2017,Denver,481698.0,885655.0,72017Denver
7,2017,Eagle,3072.0,32069.0,72017Eagle
7,2017,El Paso,253579.0,0.0,72017El Paso
7,2017,Garfield,8239.0,58333.0,72017Garfield
7,2017,Gilpin,0.0,7725.0,72017Gilpin
7,2017,Grand,0.0,9385.0,72017Grand
7,2017,Gunnison,0.0,10725.0,72017Gunnison
7,2017,Huerfano,,0.0,72017Huerfano
7,2017,Jefferson,32163.0,127460.0,72017Jefferson
7,2017,La Plata,17234.0,63041.0,72017La Plata
7,2017,Lake,,7274.0,72017Lake
7,2017,Larimer,31333.0,141072.0,72017Larimer
7,2017,Las Animas,926.0,126033.0,72017Las Animas
7,2017,Mesa,0.0,0.0,72017Mesa
7,2017,Montezuma,2140.0,52762.0,72017Montezuma
7,2017,Morgan,0.0,24634.0,72017Morgan
7,2017,Ouray,0.0,19357.0,72017Ouray
7,2017,Park,0.0,12169.0,72017Park
7,2017,Pitkin,1945.0,25771.0,72017Pitkin
7,2017,Pueblo,21903.0,104818.0,72017Pueblo
7,2017,Routt,0.0,23405.0,72017Routt
7,2017,Saguache,,0.0,72017Saguache
7,2017,San Juan,,0.0,72017San Juan
7,2017,San Miguel,672.0,11970.0,72017San Miguel
7,2017,Sedgwick,0.0,0.0,72017Sedgwick
7,2017,Summit,2933.0,44262.0,72017Summit
7,2017,Weld,8488.0,73106.0,72017Weld
7,2017,Sum of NR Counties,20830.0,120778.0,72017Sum of NR Counties
7,2017,Alamosa,0.0,,72017Alamosa
7,2017,Fremont,5918.0,,72017Fremont
7,2017,Moffat,0.0,,72017Moffat
7,2017,Montrose,0.0,,72017Montrose
7,2017,Otero,0.0,,72017Otero
7,2017,Teller,0.0,,72017Teller
6,2017,Adams,30141.0,138365.0,62017Adams
6,2017,Arapahoe,33906.0,270122.0,62017Arapahoe
6,2017,Archuleta,0.0,0.0,62017Archuleta
6,2017,Boulder,55178.0,190372.0,62017Boulder
6,2017,Chaffee,0.0,12647.0,62017Chaffee
6,2017,Clear Creek,1256.0,13076.0,62017Clear Creek
6,2017,Conejos,,12640.0,62017Conejos
6,2017,Costilla,0.0,9352.0,62017Costilla
6,2017,Denver,517605.0,885739.0,62017Denver
6,2017,Eagle,3502.0,24541.0,62017Eagle
6,2017,El Paso,267657.0,0.0,62017El Paso
6,2017,Garfield,9703.0,54425.0,62017Garfield
6,2017,Gilpin,0.0,8165.0,62017Gilpin
6,2017,Grand,0.0,6192.0,62017Grand
6,2017,Gunnison,0.0,15267.0,62017Gunnison
6,2017,Huerfano,,0.0,62017Huerfano
6,2017,Jefferson,29317.0,126205.0,62017Jefferson
6,2017,La Plata,10397.0,57259.0,62017La Plata
6,2017,Lake,,5782.0,62017Lake
6,2017,Larimer,32395.0,131764.0,62017Larimer
6,2017,Las Animas,0.0,89341.0,62017Las Animas
6,2017,Mesa,0.0,0.0,62017Mesa
6,2017,Montezuma,2214.0,52487.0,62017Montezuma
6,2017,Morgan,0.0,29755.0,62017Morgan
6,2017,Ouray,0.0,12599.0,62017Ouray
6,2017,Park,0.0,10155.0,62017Park
6,2017,Pitkin,1657.0,14163.0,62017Pitkin
6,2017,Pueblo,20925.0,96357.0,62017Pueblo
6,2017,Routt,4346.0,19046.0,62017Routt
6,2017,Saguache,,0.0,62017Saguache
6,2017,San Juan,,0.0,62017San Juan
6,2017,San Miguel,383.0,5521.0,62017San Miguel
6,2017,Sedgwick,0.0,0.0,62017Sedgwick
6,2017,Summit,2855.0,32940.0,62017Summit
6,2017,Weld,8099.0,73732.0,62017Weld
6,2017,Sum of NR Counties,20451.0,129869.0,62017Sum of NR Counties
6,2017,Alamosa,0.0,,62017Alamosa
6,2017,Fremont,0.0,,62017Fremont
6,2017,Moffat,0.0,,62017Moffat
6,2017,Montrose,0.0,,62017Montrose
6,2017,Otero,0.0,,62017Otero
6,2017,Teller,0.0,,62017Teller
5,2017,Adams,32817.0,141429.0,52017Adams
5,2017,Arapahoe,24274.0,287048.0,52017Arapahoe
5,2017,Archuleta,0.0,13515.0,52017Archuleta
5,2017,Boulder,60974.0,177017.0,52017Boulder
5,2017,Chaffee,0.0,10426.0,52017Chaffee
5,2017,Clear Creek,1512.0,13646.0,52017Clear Creek
5,2017,Conejos,,11856.0,52017Conejos
5,2017,Costilla,0.0,7217.0,52017Costilla
5,2017,Denver,532556.0,839280.0,52017Denver
5,2017,Eagle,4509.0,40768.0,52017Eagle
5,2017,El Paso,237951.0,0.0,52017El Paso
5,2017,Garfield,8733.0,51969.0,52017Garfield
5,2017,Gilpin,0.0,7475.0,52017Gilpin
5,2017,Grand,0.0,6221.0,52017Grand
5,2017,Gunnison,0.0,11860.0,52017Gunnison
5,2017,Huerfano,,0.0,52017Huerfano
5,2017,Jefferson,29147.0,134975.0,52017Jefferson
5,2017,Lake,,7211.0,52017Lake
5,2017,La Plata,8135.0,61222.0,52017La Plata
5,2017,Larimer,31925.0,125328.0,52017Larimer
5,2017,Las Animas,894.0,91940.0,52017Las Animas
5,2017,Mesa,0.0,0.0,52017Mesa
5,2017,Montezuma,2032.0,44742.0,52017Montezuma
5,2017,Morgan,0.0,0.0,52017Morgan
5,2017,Ouray,0.0,0.0,52017Ouray
5,2017,Park,0.0,8856.0,52017Park
5,2017,Pitkin,0.0,17181.0,52017Pitkin
5,2017,Pueblo,18844.0,84883.0,52017Pueblo
5,2017,Routt,5114.0,20380.0,52017Routt
5,2017,Saguache,,0.0,52017Saguache
5,2017,San Juan,,0.0,52017San Juan
5,2017,San Miguel,654.0,10235.0,52017San Miguel
5,2017,Sedgwick,0.0,0.0,52017Sedgwick
5,2017,Summit,3962.0,45620.0,52017Summit
5,2017,Weld,8173.0,75243.0,52017Weld
5,2017,Combined Counties,,130366.0,52017Combined Counties
5,2017,Alamosa,0.0,,52017Alamosa
5,2017,Fremont,4982.0,,52017Fremont
5,2017,Moffat,0.0,,52017Moffat
5,2017,Montrose,0.0,,52017Montrose
5,2017,Otero,0.0,,52017Otero
5,2017,Teller,0.0,,52017Teller
5,2017,Combined Counties 2,16892.0,,52017Combined Counties 2
4,2017,Adams,26842.0,145724.0,42017Adams
4,2017,Arapahoe,33771.0,282799.0,42017Arapahoe
4,2017,Archuleta,,18619.0,42017Archuleta
4,2017,Boulder,56283.0,176018.0,42017Boulder
4,2017,Chaffee,,12371.0,42017Chaffee
4,2017,Clear Creek,1815.0,18349.0,42017Clear Creek
4,2017,Conejos,,11950.0,42017Conejos
4,2017,Costilla,,9285.0,42017Costilla
4,2017,Denver,538559.0,842583.0,42017Denver
4,2017,Eagle,4584.0,42600.0,42017Eagle
4,2017,Garfield,9433.0,56406.0,42017Garfield
4,2017,Gilpin,,6473.0,42017Gilpin
4,2017,Grand,,14253.0,42017Grand
4,2017,Gunnison,,17986.0,42017Gunnison
4,2017,Jefferson,46752.0,138054.0,42017Jefferson
4,2017,La Plata,418.0,62570.0,42017La Plata
4,2017,Larimer,32838.0,129580.0,42017Larimer
4,2017,Las Animas,985.0,89954.0,42017Las Animas
4,2017,Montezuma,1677.0,47539.0,42017Montezuma
4,2017,Park,,10403.0,42017Park
4,2017,Pitkin,705.0,41656.0,42017Pitkin
4,2017,Pueblo,17842.0,100262.0,42017Pueblo
4,2017,Routt,,28355.0,42017Routt
4,2017,San Miguel,791.0,12539.0,42017San Miguel
4,2017,Summit,4435.0,82597.0,42017Summit
4,2017,Weld,8263.0,78402.0,42017Weld
4,2017,Remainder of State,20678.0,138703.0,42017Remainder of State
4,2017,El Paso,264869.0,,42017El Paso
4,2017,Fremont,5362.0,,42017Fremont
3,2017,Adams,16881.0,118622.0,32017Adams
3,2017,Arapahoe,39164.0,256518.0,32017Arapahoe
3,2017,Archuleta,,15275.0,32017Archuleta
3,2017,Boulder,61636.0,166310.0,32017Boulder
3,2017,Chaffee,,9073.0,32017Chaffee
3,2017,Clear Creek,1952.0,15946.0,32017Clear Creek
3,2017,Conejos,,9536.0,32017Conejos
3,2017,Costilla,,6232.0,32017Costilla
3,2017,Denver,582381.0,860182.0,32017Denver
3,2017,Eagle,3823.0,44064.0,32017Eagle
3,2017,Garfield,7738.0,46369.0,32017Garfield
3,2017,Gilpin,,5592.0,32017Gilpin
3,2017,Grand,,10486.0,32017Grand
3,2017,Gunnison,,22710.0,32017Gunnison
3,2017,Jefferson,83809.0,112884.0,32017Jefferson
3,2017,La Plata,7996.0,68476.0,32017La Plata
3,2017,Lake,,5580.0,32017Lake
3,2017,Larimer,30401.0,111818.0,32017Larimer
3,2017,Las Animas,875.0,75067.0,32017Las Animas
3,2017,Montezuma,1702.0,37104.0,32017Montezuma
3,2017,Morgan,,22438.0,32017Morgan
3,2017,Ouray,,14949.0,32017Ouray
3,2017,Park,,7937.0,32017Park
3,2017,Pitkin,3299.0,33421.0,32017Pitkin
3,2017,Pueblo,17316.0,74493.0,32017Pueblo
3,2017,Routt,4519.0,26802.0,32017Routt
3,2017,San Miguel,483.0,9759.0,32017San Miguel
3,2017,Summit,3889.0,70029.0,32017Summit
3,2017,Weld,7480.0,69558.0,32017Weld
3,2017,Remainder of State,13015.0,96165.0,32017Remainder of State
3,2017,El Paso,216143.0,,32017El Paso
3,2017,Fremont,6812.0,,32017Fremont
2,2017,Adams,21071.0,127372.0,22017Adams
2,2017,Arapahoe,27713.0,229318.0,22017Arapahoe
2,2017,Archuletta,,15507.0,22017Archuletta
2,2017,Boulder,57350.0,160367.0,22017Boulder
2,2017,Chaffee,,9199.0,22017Chaffee
2,2017,Clear Creek,1469.0,16698.0,22017Clear Creek
2,2017,Conejos,,8494.0,22017Conejos
2,2017,Costilla,,6166.0,22017Costilla
2,2017,Denver,431934.0,747069.0,22017Denver
2,2017,Eagle,5601.0,49642.0,22017Eagle
2,2017,Garfield,8672.0,39091.0,22017Garfield
2,2017,Gilpin,,4495.0,22017Gilpin
2,2017,Grand,,10764.0,22017Grand
2,2017,Gunnison,,10871.0,22017Gunnison
2,2017,Jefferson,39660.0,116005.0,22017Jefferson
2,2017,La Plata,8717.0,47922.0,22017La Plata
2,2017,Lake,,5566.0,22017Lake
2,2017,Larimer,27286.0,100562.0,22017Larimer
2,2017,Las Animas,,58200.0,22017Las Animas
2,2017,Montezuma,3140.0,46063.0,22017Montezuma
2,2017,Ouray,,10759.0,22017Ouray
2,2017,Park,,7784.0,22017Park
2,2017,Pitkin,2087.0,30840.0,22017Pitkin
2,2017,Pueblo,7671.0,60707.0,22017Pueblo
2,2017,Routt,5226.0,27362.0,22017Routt
2,2017,San Miguel,1031.0,14527.0,22017San Miguel
2,2017,Summit,,85554.0,22017Summit
2,2017,Weld,7422.0,67803.0,22017Weld
2,2017,Remainder of State,22330.0,69020.0,22017Remainder of State
2,2017,El Paso,194433.0,,22017El Paso
1,2017,Adams,14960.0,126839.0,12017Adams
1,2017,Arapahoe,37520.0,268979.0,12017Arapahoe
1,2017,Boulder,59231.0,161640.0,12017Boulder
1,2017,Chaffee,,10341.0,12017Chaffee
1,2017,Clear Creek,1738.0,20964.0,12017Clear Creek
1,2017,Conejos,,9755.0,12017Conejos
1,2017,Costilla,,7616.0,12017Costilla
1,2017,Denver,419489.0,762068.0,12017Denver
1,2017,Eagle,4146.0,40748.0,12017Eagle
1,2017,Garfield,7262.0,41432.0,12017Garfield
1,2017,Gilpin,,5984.0,12017Gilpin
1,2017,Grand,,11214.0,12017Grand
1,2017,Gunnison,,18269.0,12017Gunnison
1,2017,Jefferson,43750.0,123827.0,12017Jefferson
1,2017,La Plata,10547.0,53458.0,12017La Plata
1,2017,Lake,,5393.0,12017Lake
1,2017,Larimer,32979.0,117689.0,12017Larimer
1,2017,Las Animas,,69105.0,12017Las Animas
1,2017,Montezuma,,29368.0,12017Montezuma
1,2017,Morgan,,16595.0,12017Morgan
1,2017,Ouray,,12170.0,12017Ouray
1,2017,Park,,8799.0,12017Park
1,2017,Pitkin,-5267.0,35168.0,12017Pitkin
1,2017,Pueblo,19096.0,75918.0,12017Pueblo
1,2017,Routt,5354.0,23201.0,12017Routt
1,2017,San Miguel,858.0,9207.0,12017San Miguel
1,2017,Summit,4581.0,63209.0,12017Summit
1,2017,Weld,8586.0,71127.0,12017Weld
1,2017,Remainder of State,16391.0,102910.0,12017Remainder of State
1,2017,El Paso,228115.0,,12017El Paso
1,2017,Fremont,4871.0,,12017Fremont
12,2016,Adams,11163.0,126500.0,122016Adams
12,2016,Arapahoe,53043.0,262716.0,122016Arapahoe
12,2016,Boulder,51198.0,158528.0,122016Boulder
12,2016,Chaffee,,9011.0,122016Chaffee
12,2016,Clear Creek,1964.0,7916.0,122016Clear Creek
12,2016,Conejos,,9321.0,122016Conejos
12,2016,Costilla,,8088.0,122016Costilla
12,2016,Denver,463738.0,649705.0,122016Denver
12,2016,Eagle,3115.0,20409.0,122016Eagle
12,2016,Garfield,8986.0,38635.0,122016Garfield
12,2016,Gilpin,,5465.0,122016Gilpin
12,2016,Grand,,7132.0,122016Grand
12,2016,Gunnison,,5355.0,122016Gunnison
12,2016,Jefferson,44066.0,111901.0,122016Jefferson
12,2016,La Plata,8336.0,47240.0,122016La Plata
12,2016,Larimer,33072.0,116143.0,122016Larimer
12,2016,Las Animas,,69656.0,122016Las Animas
12,2016,Montezuma,1762.0,37649.0,122016Montezuma
12,2016,Morgan,,16096.0,122016Morgan
12,2016,Ouray,,7165.0,122016Ouray
12,2016,Park,,8250.0,122016Park
12,2016,Pitkin,2831.0,12437.0,122016Pitkin
12,2016,Pueblo,18775.0,63904.0,122016Pueblo
12,2016,Routt,4862.0,17389.0,122016Routt
12,2016,San Miguel,815.0,4306.0,122016San Miguel
12,2016,Summit,,31614.0,122016Summit
12,2016,Weld,,68979.0,122016Weld
12,2016,Remainder of State,26739.0,109436.0,122016Remainder of State
12,2016,El Paso,214815.0,,122016El Paso
11,2016,Adams,11675.0,131759.0,112016Adams
11,2016,Arapahoe,27635.0,244765.0,112016Arapahoe
11,2016,Archuletta,,15865.0,112016Archuletta
11,2016,Boulder,61483.0,171652.0,112016Boulder
11,2016,Chaffee,,10286.0,112016Chaffee
11,2016,Clear Creek,1948.0,14014.0,112016Clear Creek
11,2016,Conejos,,10932.0,112016Conejos
11,2016,Costilla,,6213.0,112016Costilla
11,2016,Denver,464066.0,834362.0,112016Denver
11,2016,Eagle,4361.0,25591.0,112016Eagle
11,2016,Garfield,13996.0,48610.0,112016Garfield
11,2016,Gilpin,,6934.0,112016Gilpin
11,2016,Grand,,7333.0,112016Grand
11,2016,Gunnison,,16367.0,112016Gunnison
11,2016,Jefferson,47826.0,120253.0,112016Jefferson
11,2016,Lake,,5771.0,112016Lake
11,2016,La Plata,10546.0,53367.0,112016La Plata
11,2016,Larimer,33250.0,116304.0,112016Larimer
11,2016,Las Animas,,65542.0,112016Las Animas
11,2016,Montezuma,1727.0,36938.0,112016Montezuma
11,2016,Morgan,,18137.0,112016Morgan
11,2016,Ouray,,11529.0,112016Ouray
11,2016,Park,,8861.0,112016Park
11,2016,Pitkin,5249.0,14486.0,112016Pitkin
11,2016,Pueblo,18943.0,83993.0,112016Pueblo
11,2016,Routt,5721.0,19885.0,112016Routt
11,2016,San Miguel,1135.0,7181.0,112016San Miguel
11,2016,Summit,4392.0,41152.0,112016Summit
11,2016,Weld,6768.0,72233.0,112016Weld
11,2016,Remainder of State,16178.0,101444.0,112016Remainder of State
11,2016,El Paso,241652.0,,112016El Paso
11,2016,Fremont,4448.0,,112016Fremont
10,2016,Adams,12256.0,134529.0,102016Adams
10,2016,Arapahoe,52992.0,295759.0,102016Arapahoe
10,2016,Archuletta,,20920.0,102016Archuletta
10,2016,Boulder,65768.0,181889.0,102016Boulder
10,2016,Chaffee,,14237.0,102016Chaffee
10,2016,Clear Creek,3214.0,24259.0,102016Clear Creek
10,2016,Conejos,,12378.0,102016Conejos
10,2016,Costilla,,8933.0,102016Costilla
10,2016,Denver,551137.0,821214.0,102016Denver
10,2016,Eagle,5870.0,27734.0,102016Eagle
10,2016,Garfield,10700.0,51113.0,102016Garfield
10,2016,Gilpin,,7873.0,102016Gilpin
10,2016,Gunnison,,15602.0,102016Gunnison
10,2016,Jefferson,43541.0,129204.0,102016Jefferson
10,2016,Lake,,7375.0,102016Lake
10,2016,La Plata,12433.0,57067.0,102016La Plata
10,2016,Larimer,34856.0,123484.0,102016Larimer
10,2016,Las Animas,,71307.0,102016Las Animas
10,2016,Montezuma,2491.0,41872.0,102016Montezuma
10,2016,Morgan,,21581.0,102016Morgan
10,2016,Ouray,,11446.0,102016Ouray
10,2016,Park,,10504.0,102016Park
10,2016,Pitkin,3682.0,23809.0,102016Pitkin
10,2016,Pueblo,25159.0,90793.0,102016Pueblo
10,2016,Routt,,23051.0,102016Routt
10,2016,San Miguel,1465.0,10627.0,102016San Miguel
10,2016,Summit,3982.0,39248.0,102016Summit
10,2016,Weld,9953.0,73053.0,102016Weld
10,2016,Remainder of State,25804.0,123546.0,102016Remainder of State
10,2016,El Paso,240154.0,,102016El Paso
10,2016,Fremont,4616.0,,102016Fremont
9,2016,Adams,14137.0,135706.0,92016Adams
9,2016,Arapahoe,35593.0,224305.0,92016Arapahoe
9,2016,Archuletta,,21681.0,92016Archuletta
9,2016,Boulder,65305.0,187323.0,92016Boulder
9,2016,Clear Creek,1622.0,17103.0,92016Clear Creek
9,2016,Conejos,,12098.0,92016Conejos
9,2016,Costilla,,11409.0,92016Costilla
9,2016,Denver,593786.0,782584.0,92016Denver
9,2016,Eagle,7644.0,32453.0,92016Eagle
9,2016,Garfield,11795.0,42285.0,92016Garfield
9,2016,Gilpin,,7264.0,92016Gilpin
9,2016,Grand,,11429.0,92016Grand
9,2016,Gunnison,,17911.0,92016Gunnison
9,2016,Jefferson,48918.0,127350.0,92016Jefferson
9,2016,Lake,,8743.0,92016Lake
9,2016,La Plata,12824.0,65555.0,92016La Plata
9,2016,Larimer,36572.0,122957.0,92016Larimer
9,2016,Las Animas,,63143.0,92016Las Animas
9,2016,Montezuma,1467.0,30232.0,92016Montezuma
9,2016,Ouray,,14900.0,92016Ouray
9,2016,Park,,11079.0,92016Park
9,2016,Pitkin,4093.0,28751.0,92016Pitkin
9,2016,Pueblo,24628.0,90059.0,92016Pueblo
9,2016,Routt,4811.0,25874.0,92016Routt
9,2016,San Miguel,1331.0,12256.0,92016San Miguel
9,2016,Summit,4642.0,45932.0,92016Summit
9,2016,Weld,9473.0,69389.0,92016Weld
9,2016,Remainder of State,18826.0,155234.0,92016Remainder of State
9,2016,El Paso,256397.0,,92016El Paso
9,2016,Fremont,6898.0,,92016Fremont
8,2016,Adams,11436.0,119706.0,82016Adams
8,2016,Arapahoe,43337.0,252705.0,82016Arapahoe
8,2016,Boulder,65391.0,197795.0,82016Boulder
8,2016,Clear Creek,1939.0,21397.0,82016Clear Creek
8,2016,Conejos,,12228.0,82016Conejos
8,2016,Costilla,,12180.0,82016Costilla
8,2016,Denver,541784.0,742595.0,82016Denver
8,2016,Eagle,5229.0,32219.0,82016Eagle
8,2016,Garfield,12101.0,47044.0,82016Garfield
8,2016,Gilpin,,7001.0,82016Gilpin
8,2016,Grand,,10850.0,82016Grand
8,2016,Gunnison,,19887.0,82016Gunnison
8,2016,Jefferson,46395.0,123060.0,82016Jefferson
8,2016,Lake,,8087.0,82016Lake
8,2016,La Plata,11781.0,62472.0,82016La Plata
8,2016,Larimer,35770.0,120062.0,82016Larimer
8,2016,Las Animas,,62820.0,82016Las Animas
8,2016,Montezuma,2907.0,34131.0,82016Montezuma
8,2016,Morgan,,19195.0,82016Morgan
8,2016,Ouray,,26344.0,82016Ouray
8,2016,Park,,11131.0,82016Park
8,2016,Pitkin,-484.0,33561.0,82016Pitkin
8,2016,Pueblo,25958.0,68193.0,82016Pueblo
8,2016,Routt,4537.0,27003.0,82016Routt
8,2016,San Miguel,1227.0,13271.0,82016San Miguel
8,2016,Summit,4772.0,50769.0,82016Summit
8,2016,Weld,9284.0,67760.0,82016Weld
8,2016,Remainder of State,19267.0,147368.0,82016Remainder of State
8,2016,El Paso,240225.0,,82016El Paso
8,2016,Fremont,6442.0,,82016Fremont
7,2016,Adams,9942.0,157219.0,72016Adams
7,2016,Arapahoe,41835.0,244207.0,72016Arapahoe
7,2016,Auchuletta,,17924.0,72016Auchuletta
7,2016,Boulder,73253.0,162835.0,72016Boulder
7,2016,Chaffee,,13389.0,72016Chaffee
7,2016,Clear Creek,1918.0,12881.0,72016Clear Creek
7,2016,Conejos,,9429.0,72016Conejos
7,2016,Costilla,,5697.0,72016Costilla
7,2016,Denver,533148.0,641595.0,72016Denver
7,2016,Eagle,5159.0,24364.0,72016Eagle
7,2016,Garfield,12233.0,41327.0,72016Garfield
7,2016,Gilpin,,6023.0,72016Gilpin
7,2016,Grand,,7422.0,72016Grand
7,2016,Gunnison,,14784.0,72016Gunnison
7,2016,Jefferson,48524.0,127640.0,72016Jefferson
7,2016,Lake,,6064.0,72016Lake
7,2016,La Plata,12367.0,52431.0,72016La Plata
7,2016,Larimer,27483.0,106318.0,72016Larimer
7,2016,Las Animas,,46850.0,72016Las Animas
7,2016,Montezuma,2693.0,26396.0,72016Montezuma
7,2016,Morgan,,16582.0,72016Morgan
7,2016,Park,,8777.0,72016Park
7,2016,Pitkin,3669.0,19520.0,72016Pitkin
7,2016,Pueblo,22110.0,63232.0,72016Pueblo
7,2016,Routt,3988.0,19063.0,72016Routt
7,2016,San Miguel,1100.0,8789.0,72016San Miguel
7,2016,Summit,4300.0,36181.0,72016Summit
7,2016,Weld,8446.0,57561.0,72016Weld
7,2016,Remainder of State,18177.0,108050.0,72016Remainder of State
7,2016,El Paso,231702.0,,72016El Paso
7,2016,Fremont,6249.0,,72016Fremont
6,2016,Adams,14686.0,49134.0,62016Adams
6,2016,Arapahoe,36871.0,179467.0,62016Arapahoe
6,2016,Auchuletta,,12901.0,62016Auchuletta
6,2016,Boulder,58530.0,149874.0,62016Boulder
6,2016,Chaffee,,9725.0,62016Chaffee
6,2016,Clear Creek,2333.0,14968.0,62016Clear Creek
6,2016,Conejos,,7320.0,62016Conejos
6,2016,Costilla,,7007.0,62016Costilla
6,2016,Denver,502345.0,590835.0,62016Denver
6,2016,Eagle,10830.0,18789.0,62016Eagle
6,2016,Garfield,12213.0,31113.0,62016Garfield
6,2016,Gilpin,701.0,6137.0,62016Gilpin
6,2016,Grand,,5372.0,62016Grand
6,2016,Gunnison,,10558.0,62016Gunnison
6,2016,Jefferson,40732.0,80966.0,62016Jefferson
6,2016,Lake,,4322.0,62016Lake
6,2016,La Plata,11219.0,44684.0,62016La Plata
6,2016,Larimer,38915.0,121409.0,62016Larimer
6,2016,Las Animas,,42030.0,62016Las Animas
6,2016,Montezuma,2975.0,24750.0,62016Montezuma
6,2016,Morgan,,20496.0,62016Morgan
6,2016,Ouray,,8624.0,62016Ouray
6,2016,Park,,7126.0,62016Park
6,2016,Pitkin,4429.0,8279.0,62016Pitkin
6,2016,Pueblo,29804.0,50859.0,62016Pueblo
6,2016,Routt,,13756.0,62016Routt
6,2016,San Miguel,1476.0,7250.0,62016San Miguel
6,2016,Summit,4526.0,28576.0,62016Summit
6,2016,Weld,10104.0,57981.0,62016Weld
6,2016,Remainder of State,20882.0,92188.0,62016Remainder of State
6,2016,El Paso,247396.0,,62016El Paso
6,2016,Fremont,6259.0,,62016Fremont
5,2016,Adams,17594.0,140229.0,52016Adams
5,2016,Arapahoe,62995.0,256522.0,52016Arapahoe
5,2016,Boulder,80529.0,164305.0,52016Boulder
5,2016,Chaffee,,8654.0,52016Chaffee
5,2016,Clear Creek,2372.0,9744.0,52016Clear Creek
5,2016,Conejos,,6314.0,52016Conejos
5,2016,Costilla,,5163.0,52016Costilla
5,2016,Denver,518807.0,770799.0,52016Denver
5,2016,Eagle,3760.0,27045.0,52016Eagle
5,2016,Garfield,15483.0,29640.0,52016Garfield
5,2016,Gilpin,,6747.0,52016Gilpin
5,2016,Grand,,6615.0,52016Grand
5,2016,Gunnison,,11564.0,52016Gunnison
5,2016,Jefferson,52014.0,131325.0,52016Jefferson
5,2016,La Plata,11506.0,43195.0,52016La Plata
5,2016,Larimer,38172.0,75328.0,52016Larimer
5,2016,Las Animas,,43614.0,52016Las Animas
5,2016,Montezuma,3164.0,20631.0,52016Montezuma
5,2016,Park,,5851.0,52016Park
5,2016,Pitkin,2474.0,15594.0,52016Pitkin
5,2016,Pueblo,28412.0,60223.0,52016Pueblo
5,2016,Routt,5292.0,15859.0,52016Routt
5,2016,San Miguel,1538.0,7413.0,52016San Miguel
5,2016,Summit,6673.0,54016.0,52016Summit
5,2016,Weld,18193.0,89650.0,52016Weld
5,2016,Remainder of State,17042.0,141231.0,52016Remainder of State
5,2016,El Paso,250786.0,,52016El Paso
5,2016,Fremont,8262.0,,52016Fremont
4,2016,Adams,4602.0,37034.0,42016Adams
4,2016,Arapahoe,22393.0,163688.0,42016Arapahoe
4,2016,Boulder,73164.0,131661.0,42016Boulder
4,2016,Chaffee,,10012.0,42016Chaffee
4,2016,Clear Creek,2602.0,14678.0,42016Clear Creek
4,2016,Conejos,,6067.0,42016Conejos
4,2016,Costilla,,5373.0,42016Costilla
4,2016,Denver,450002.0,519517.0,42016Denver
4,2016,Eagle,8681.0,33497.0,42016Eagle
4,2016,Garfield,11204.0,30434.0,42016Garfield
4,2016,Gilpin,,4751.0,42016Gilpin
4,2016,Grand,,10273.0,42016Grand
4,2016,Gunnison,,14378.0,42016Gunnison
4,2016,Jefferson,42725.0,65274.0,42016Jefferson
4,2016,La Plata,11345.0,47159.0,42016La Plata
4,2016,Larimer,35866.0,93180.0,42016Larimer
4,2016,Las Animas,,29997.0,42016Las Animas
4,2016,Montezuma,2886.0,20885.0,42016Montezuma
4,2016,Park,,6662.0,42016Park
4,2016,Pitkin,6138.0,22556.0,42016Pitkin
4,2016,Pueblo,10557.0,42687.0,42016Pueblo
4,2016,Routt,6183.0,22235.0,42016Routt
4,2016,Summit,,55819.0,42016Summit
4,2016,Weld,,25947.0,42016Weld
4,2016,Remainder of State,30207.0,142619.0,42016Remainder of State
4,2016,El Paso,213427.0,,42016El Paso
4,2016,Fremont,5483.0,,42016Fremont
3,2016,Adams,12248.0,87812.0,32016Adams
3,2016,Arapahoe,47138.0,194786.0,32016Arapahoe
3,2016,Boulder,71056.0,129140.0,32016Boulder
3,2016,Chaffee,,8278.0,32016Chaffee
3,2016,Clear Creek,3720.0,16839.0,32016Clear Creek
3,2016,Conejos,,4639.0,32016Conejos
3,2016,Costilla,,4627.0,32016Costilla
3,2016,Denver,456044.0,569776.0,32016Denver
3,2016,Eagle,8036.0,33338.0,32016Eagle
3,2016,Garfield,8715.0,21612.0,32016Garfield
3,2016,Gilpin,,4060.0,32016Gilpin
3,2016,Grand,,7975.0,32016Grand
3,2016,Gunnison,,6715.0,32016Gunnison
3,2016,Jefferson,42654.0,87068.0,32016Jefferson
3,2016,La Plata,10103.0,44645.0,32016La Plata
3,2016,Larimer,31192.0,69294.0,32016Larimer
3,2016,Las Animas,,2701.0,32016Las Animas
3,2016,Montezuma,2883.0,17237.0,32016Montezuma
3,2016,Park,,5117.0,32016Park
3,2016,Pitkin,3238.0,26688.0,32016Pitkin
3,2016,Pueblo,25507.0,36195.0,32016Pueblo
3,2016,Routt,6097.0,22696.0,32016Routt
3,2016,San Miguel,1558.0,12861.0,32016San Miguel
3,2016,Summit,7018.0,73994.0,32016Summit
3,2016,Weld,9615.0,54678.0,32016Weld
3,2016,Remainder of State,23448.0,89878.0,32016Remainder of State
3,2016,El Paso,196527.0,,32016El Paso
2,2016,Adams,10424.0,75954.0,22016Adams
2,2016,Arapahoe,41280.0,169337.0,22016Arapahoe
2,2016,Archuletta,,12104.0,22016Archuletta
2,2016,Boulder,77845.0,141228.0,22016Boulder
2,2016,Chaffee,,9809.0,22016Chaffee
2,2016,Clear Creek,2663.0,17808.0,22016Clear Creek
2,2016,Denver,403927.0,546434.0,22016Denver
2,2016,Eagle,8443.0,34568.0,22016Eagle
2,2016,Garfield,10145.0,20432.0,22016Garfield
2,2016,Gilpin,,2602.0,22016Gilpin
2,2016,Grand,,8248.0,22016Grand
2,2016,Gunnison,,11923.0,22016Gunnison
2,2016,Jefferson,53493.0,83812.0,22016Jefferson
2,2016,La Plata,10221.0,33211.0,22016La Plata
2,2016,Larimer,34586.0,76031.0,22016Larimer
2,2016,Las Animas,,25320.0,22016Las Animas
2,2016,Montezuma,2225.0,15259.0,22016Montezuma
2,2016,Park,,5691.0,22016Park
2,2016,Pitkin,5244.0,22303.0,22016Pitkin
2,2016,Pueblo,18984.0,37624.0,22016Pueblo
2,2016,Routt,5702.0,23169.0,22016Routt
2,2016,San Miguel,,8280.0,22016San Miguel
2,2016,Summit,5433.0,59410.0,22016Summit
2,2016,Weld,11465.0,49478.0,22016Weld
2,2016,Remainder of State,17002.0,94078.0,22016Remainder of State
2,2016,El Paso,175444.0,,22016El Paso
2,2016,Fremont,3448.0,,22016Fremont
1,2016,Adams,13325.84,80780.43,12016Adams
1,2016,Arapahoe,57608.0,192698.8,12016Arapahoe
1,2016,Archuletta,,13143.02,12016Archuletta
1,2016,Boulder,78352.34,147666.0,12016Boulder
1,2016,Clear Creek,1654.24,13107.1,12016Clear Creek
1,2016,Denver,532544.51,623071.7,12016Denver
1,2016,Eagle,8600.65,28934.0,12016Eagle
1,2016,Garfield,10258.21,20021.0,12016Garfield
1,2016,Gilpin,,4231.51,12016Gilpin
1,2016,Grand,,7869.0,12016Grand
1,2016,Gunnison,,16366.65,12016Gunnison
1,2016,Jefferson,52362.51,99504.98,12016Jefferson
1,2016,La Plata,10374.0,38850.85,12016La Plata
1,2016,Larimer,38714.44,92223.06,12016Larimer
1,2016,Las Animas,,37037.56,12016Las Animas
1,2016,Montezuma,2522.0,16163.0,12016Montezuma
1,2016,Park,,5638.87,12016Park
1,2016,Pitkin,2269.09,18546.89,12016Pitkin
1,2016,Pueblo,16291.63,38557.01,12016Pueblo
1,2016,Routt,5707.0,19239.0,12016Routt
1,2016,San Miguel,1285.0,9392.0,12016San Miguel
1,2016,Summit,6563.0,47979.0,12016Summit
1,2016,Weld,10788.0,52765.0,12016Weld
1,2016,Remainder of State,20608.7,120294.3,12016Remainder of State
1,2016,El Paso,221778.72,,12016El Paso
1,2016,Fremont,5619.17,,12016Fremont
12,2015,Adams,12531.0,71941.0,122015Adams
12,2015,Arapahoe,29363.0,143866.0,122015Arapahoe
12,2015,Boulder,65739.0,122809.0,122015Boulder
12,2015,Chaffee,,7481.0,122015Chaffee
12,2015,Clear Creek,1918.0,10212.0,122015Clear Creek
12,2015,Denver,349026.0,532887.0,122015Denver
12,2015,Eagle,7829.0,17202.0,122015Eagle
12,2015,Garfield,12323.0,17447.0,122015Garfield
12,2015,Gilpin,,6892.0,122015Gilpin
12,2015,Grand,,4270.0,122015Grand
12,2015,Gunnison,,12319.0,122015Gunnison
12,2015,Jefferson,51412.0,82255.0,122015Jefferson
12,2015,La Plata,9334.0,33367.0,122015La Plata
12,2015,Larimer,33789.0,75864.0,122015Larimer
12,2015,Las Animas,,29225.0,122015Las Animas
12,2015,Montezuma,2621.0,15243.0,122015Montezuma
12,2015,Park,,4729.0,122015Park
12,2015,Pitkin,2216.0,10072.0,122015Pitkin
12,2015,Pueblo,13094.0,31773.0,122015Pueblo
12,2015,Routt,5123.0,12790.0,122015Routt
12,2015,San Miguel,1117.0,3617.0,122015San Miguel
12,2015,Summit,6045.0,28603.0,122015Summit
12,2015,Weld,10147.0,48723.0,122015Weld
12,2015,Remainder of State,17773.0,107872.0,122015Remainder of State
12,2015,El Paso,195651.0,,122015El Paso
12,2015,Fremont,2993.0,,122015Fremont
11,2015,Adams,10389.0,61952.0,112015Adams
11,2015,Arapahoe,55261.0,146573.0,112015Arapahoe
11,2015,Boulder,71686.0,114280.0,112015Boulder
11,2015,Chaffee,,9659.0,112015Chaffee
11,2015,Clear Creek,-1047.0,15202.0,112015Clear Creek
11,2015,Denver,341421.0,459988.0,112015Denver
11,2015,Eagle,6487.0,22558.0,112015Eagle
11,2015,Garfield,9933.0,24428.0,112015Garfield
11,2015,Gilpin,,4088.0,112015Gilpin
11,2015,Grand,,4754.0,112015Grand
11,2015,Jefferson,43267.0,69015.0,112015Jefferson
11,2015,La Plata,11351.0,39047.0,112015La Plata
11,2015,Larimer,36690.0,69043.0,112015Larimer
11,2015,Las Animas,,17734.0,112015Las Animas
11,2015,Montezuma,2766.0,17999.0,112015Montezuma
11,2015,Park,,5823.0,112015Park
11,2015,Pitkin,2243.0,24772.0,112015Pitkin
11,2015,Pueblo,21151.0,48792.0,112015Pueblo
11,2015,Routt,5651.0,16490.0,112015Routt
11,2015,San Miguel,1436.0,4733.0,112015San Miguel
11,2015,Summit,6243.0,27750.0,112015Summit
11,2015,Weld,11726.0,54546.0,112015Weld
11,2015,Remainder of State,13988.0,117604.0,112015Remainder of State
11,2015,El Paso,222834.0,,112015El Paso
11,2015,Fremont,6167.0,,112015Fremont
10,2015,Adams,11809.0,58124.0,102015Adams
10,2015,Arapahoe,59447.0,162428.0,102015Arapahoe
10,2015,Boulder,82097.0,145808.0,102015Boulder
10,2015,Chaffee,,12481.0,102015Chaffee
10,2015,Clear Creek,2773.0,16734.0,102015Clear Creek
10,2015,Denver,506809.0,554959.0,102015Denver
10,2015,Eagle,9342.0,13900.0,102015Eagle
10,2015,Garfield,13416.0,25968.0,102015Garfield
10,2015,Gilpin,1158.0,4215.0,102015Gilpin
10,2015,Grand,,5811.0,102015Grand
10,2015,Gunnison,,9863.0,102015Gunnison
10,2015,Jefferson,57101.0,87195.0,102015Jefferson
10,2015,La Plata,13693.0,44053.0,102015La Plata
10,2015,Larimer,41291.0,83080.0,102015Larimer
10,2015,Las Animas,,30698.0,102015Las Animas
10,2015,Montezuma,3434.0,18423.0,102015Montezuma
10,2015,Ouray,,7326.0,102015Ouray
10,2015,Park,,6442.0,102015Park
10,2015,Pitkin,1413.0,21501.0,102015Pitkin
10,2015,Pueblo,13700.0,31547.0,102015Pueblo
10,2015,Routt,6078.0,18032.0,102015Routt
10,2015,San Miguel,1500.0,10709.0,102015San Miguel
10,2015,Summit,6584.0,32127.0,102015Summit
10,2015,Weld,12559.0,54301.0,102015Weld
10,2015,Remainder of State,18343.0,126936.0,102015Remainder of State
10,2015,El Paso,205403.0,,102015El Paso
10,2015,Fremont,5479.0,,102015Fremont
9,2015,Adams,12066.0,64198.0,92015Adams
9,2015,Arapahoe,50269.0,146920.0,92015Arapahoe
9,2015,Boulder,76606.0,143853.0,92015Boulder
9,2015,Chaffee,,26628.0,92015Chaffee
9,2015,Clear Creek,3498.0,15590.0,92015Clear Creek
9,2015,Denver,554013.0,586938.0,92015Denver
9,2015,Eagle,9619.0,21534.0,92015Eagle
9,2015,Garfield,19390.0,25479.0,92015Garfield
9,2015,Gilpin,2002.0,5873.0,92015Gilpin
9,2015,Grand,,6709.0,92015Grand
9,2015,Gunnison,,11567.0,92015Gunnison
9,2015,Jefferson,54043.0,93836.0,92015Jefferson
9,2015,La Plata,13036.0,43601.0,92015La Plata
9,2015,Larimer,40572.0,83960.0,92015Larimer
9,2015,Las Animas,,29937.0,92015Las Animas
9,2015,Montezuma,4197.0,18421.0,92015Montezuma
9,2015,Park,,7145.0,92015Park
9,2015,Pitkin,1052.0,21266.0,92015Pitkin
9,2015,Pueblo,16188.0,43612.0,92015Pueblo
9,2015,Routt,5550.0,18826.0,92015Routt
9,2015,San Miguel,1363.0,10865.0,92015San Miguel
9,2015,Summit,6649.0,35311.0,92015Summit
9,2015,Weld,12032.0,55954.0,92015Weld
9,2015,Remainder of State,17603.0,141949.0,92015Remainder of State
9,2015,El Paso,254156.0,,92015El Paso
9,2015,Fremont,7227.0,,92015Fremont
8,2015,Adams,11247.0,47992.0,82015Adams
8,2015,Arapahoe,42537.0,128962.0,82015Arapahoe
8,2015,Boulder,85442.0,144255.0,82015Boulder
8,2015,Clear Creek,5431.0,17745.0,82015Clear Creek
8,2015,Denver,518868.0,564813.0,82015Denver
8,2015,Eagle,10580.0,21341.0,82015Eagle
8,2015,Garfield,13010.0,27023.0,82015Garfield
8,2015,Gilpin,,5384.0,82015Gilpin
8,2015,Grand,,6643.0,82015Grand
8,2015,Gunnison,,11898.0,82015Gunnison
8,2015,Jefferson,62487.0,72547.0,82015Jefferson
8,2015,La Plata,13626.0,44086.0,82015La Plata
8,2015,Larimer,37648.0,78122.0,82015Larimer
8,2015,Las Animas,,33301.0,82015Las Animas
8,2015,Montezuma,3785.0,15391.0,82015Montezuma
8,2015,Park,,7288.0,82015Park
8,2015,Pitkin,4720.0,26886.0,82015Pitkin
8,2015,Pueblo,22247.0,57042.0,82015Pueblo
8,2015,Routt,5217.0,18512.0,82015Routt
8,2015,San Miguel,1438.0,11526.0,82015San Miguel
8,2015,Summit,7079.0,41913.0,82015Summit
8,2015,Weld,10217.0,53585.0,82015Weld
8,2015,Remainder of State,19576.0,145987.0,82015Remainder of State
8,2015,El Paso,233749.0,,82015El Paso
8,2015,Fremont,7610.0,,82015Fremont
7,2015,Denver,453698.0,489176.0,72015Denver
7,2015,Arapahoe,65918.0,140304.0,72015Arapahoe
7,2015,Boulder,73454.0,128318.0,72015Boulder
7,2015,Clear Creek,1251.0,12586.0,72015Clear Creek
7,2015,Eagle,6948.0,15169.0,72015Eagle
7,2015,Garfield,10985.0,21748.0,72015Garfield
7,2015,Gilpin,,3414.0,72015Gilpin
7,2015,Grand,,4450.0,72015Grand
7,2015,Gunnison,,8620.0,72015Gunnison
7,2015,Jefferson,47617.0,92913.0,72015Jefferson
7,2015,La Plata,16528.0,50681.0,72015La Plata
7,2015,Larimer,32508.0,66800.0,72015Larimer
7,2015,Las Animas,,19771.0,72015Las Animas
7,2015,Montezuma,2580.0,14267.0,72015Montezuma
7,2015,Park,,5447.0,72015Park
7,2015,Pitkin,3074.0,15148.0,72015Pitkin
7,2015,Pueblo,13504.0,35667.0,72015Pueblo
7,2015,Routt,4484.0,14168.0,72015Routt
7,2015,San Miguel,1725.0,10248.0,72015San Miguel
7,2015,Summit,5646.0,26535.0,72015Summit
7,2015,Weld,8071.0,48347.0,72015Weld
7,2015,Remainder of State,19300.0,183025.0,72015Remainder of State
7,2015,Adams,17209.0,,72015Adams
7,2015,El Paso,197835.0,,72015El Paso
7,2015,Fremont,5773.0,,72015Fremont
6,2015,Adams,10298.0,17494.0,62015Adams
6,2015,Arapahoe,41057.0,75778.0,62015Arapahoe
6,2015,Boulder,76119.0,122172.0,62015Boulder
6,2015,Chaffee,,7687.0,62015Chaffee
6,2015,Clear Creek,4320.0,7734.0,62015Clear Creek
6,2015,Denver,399814.0,486655.0,62015Denver
6,2015,Eagle,9610.0,12211.0,62015Eagle
6,2015,Garfield,10551.0,19986.0,62015Garfield
6,2015,Gilpin,,5000.0,62015Gilpin
6,2015,Gunnison,,4928.0,62015Gunnison
6,2015,Jefferson,53242.0,68630.0,62015Jefferson
6,2015,La Plata,4622.0,16893.0,62015La Plata
6,2015,Larimer,34480.0,65977.0,62015Larimer
6,2015,Las Animas,,15383.0,62015Las Animas
6,2015,Montezuma,4947.0,10424.0,62015Montezuma
6,2015,Park,,4790.0,62015Park
6,2015,Pitkin,1753.0,6038.0,62015Pitkin
6,2015,Pueblo,16626.0,47177.0,62015Pueblo
6,2015,Routt,4593.0,12214.0,62015Routt
6,2015,San Miguel,,3709.0,62015San Miguel
6,2015,Summit,6292.0,20710.0,62015Summit
6,2015,Weld,9608.0,46733.0,62015Weld
6,2015,Remainder of State,23817.0,113845.0,62015Remainder of State
6,2015,El Paso,189852.0,,62015El Paso
6,2015,Fremont,6856.0,,62015Fremont
5,2015,Garfield,10780.0,17752.0,52015Garfield
5,2015,Adams,13330.0,41082.0,52015Adams
5,2015,Arapahoe,160958.0,106133.0,52015Arapahoe
5,2015,Boulder,63067.0,113829.0,52015Boulder
5,2015,Chaffee,,10746.0,52015Chaffee
5,2015,Clear Creek,519.0,12211.0,52015Clear Creek
5,2015,Denver,266771.0,499741.0,52015Denver
5,2015,Eagle,9024.0,15172.0,52015Eagle
5,2015,Gilpin,,4271.0,52015Gilpin
5,2015,Gunnison,,5345.0,52015Gunnison
5,2015,Jefferson,47633.0,56772.0,52015Jefferson
5,2015,La Plata,20888.0,19742.0,52015La Plata
5,2015,Larimer,36297.0,58823.0,52015Larimer
5,2015,Las Animas,,13583.0,52015Las Animas
5,2015,Montezuma,3876.0,7221.0,52015Montezuma
5,2015,Park,,3452.0,52015Park
5,2015,Pitkin,2096.0,13387.0,52015Pitkin
5,2015,Pueblo,8459.0,38321.0,52015Pueblo
5,2015,Routt,5432.0,12648.0,52015Routt
5,2015,San Miguel,1112.0,4581.0,52015San Miguel
5,2015,Summit,8644.0,27781.0,52015Summit
5,2015,Weld,7984.0,43464.0,52015Weld
5,2015,Remainder of State,17906.0,62820.0,52015Remainder of State
5,2015,El Paso,205057.0,,52015El Paso
5,2015,Fremont,5371.0,,52015Fremont
4,2015,Adams,11922.0,44220.0,42015Adams
4,2015,Arapahoe,38362.0,67656.0,42015Arapahoe
4,2015,Boulder,59855.0,109336.0,42015Boulder
4,2015,Clear Creek,3926.0,12813.0,42015Clear Creek
4,2015,Denver,418500.0,467578.0,42015Denver
4,2015,Eagle,10326.0,24715.0,42015Eagle
4,2015,Garfield,11415.0,18009.0,42015Garfield
4,2015,Gilpin,,2769.0,42015Gilpin
4,2015,Gunnison,,7593.0,42015Gunnison
4,2015,Jefferson,46460.0,63009.0,42015Jefferson
4,2015,La Plata,25085.0,25344.0,42015La Plata
4,2015,Larimer,34075.0,55678.0,42015Larimer
4,2015,Las Animas,,11821.0,42015Las Animas
4,2015,Montezuma,3292.0,6468.0,42015Montezuma
4,2015,Park,,4137.0,42015Park
4,2015,Pitkin,2159.0,24023.0,42015Pitkin
4,2015,Pueblo,14904.0,45710.0,42015Pueblo
4,2015,Routt,5918.0,20381.0,42015Routt
4,2015,San Miguel,1864.0,11014.0,42015San Miguel
4,2015,Summit,6350.0,50715.0,42015Summit
4,2015,Weld,12672.0,41189.0,42015Weld
4,2015,Remainder of State,18972.0,83728.0,42015Remainder of State
4,2015,El Paso,164229.0,,42015El Paso
4,2015,Fremont,4907.0,,42015Fremont
3,2015,Arapahoe,25790.0,62680.0,32015Arapahoe
3,2015,Boulder,68817.0,94149.0,32015Boulder
3,2015,Clear Creek,2273.0,13659.0,32015Clear Creek
3,2015,Denver,358208.0,451969.0,32015Denver
3,2015,Eagle,7839.0,21256.0,32015Eagle
3,2015,Garfield,9913.0,14884.0,32015Garfield
3,2015,Gilpin,839.0,2853.0,32015Gilpin
3,2015,Gunnison,,6597.0,32015Gunnison
3,2015,Jefferson,45154.0,67463.0,32015Jefferson
3,2015,La Plata,24576.0,10605.0,32015La Plata
3,2015,Larimer,32718.0,48469.0,32015Larimer
3,2015,Las Animas,,8210.0,32015Las Animas
3,2015,Montezuma,2668.0,5096.0,32015Montezuma
3,2015,Pitkin,2594.0,23430.0,32015Pitkin
3,2015,Pueblo,9870.0,23618.0,32015Pueblo
3,2015,San Miguel,1039.0,5963.0,32015San Miguel
3,2015,Summit,8650.0,51411.0,32015Summit
3,2015,Weld,10221.0,36230.0,32015Weld
3,2015,Remainder of State,22334.0,150472.0,32015Remainder of State
3,2015,Adams,15962.0,,32015Adams
3,2015,El Paso,166821.0,,32015El Paso
3,2015,Fremont,4350.0,,32015Fremont
2,2015,Adams,8304.0,13092.0,22015Adams
2,2015,Arapahoe,25572.0,53858.0,22015Arapahoe
2,2015,Boulder,64260.0,109224.0,22015Boulder
2,2015,Clear Creek,2117.0,12583.0,22015Clear Creek
2,2015,Denver,363061.0,423513.0,22015Denver
2,2015,Eagle,9390.0,20375.0,22015Eagle
2,2015,Garfield,9421.0,17304.0,22015Garfield
2,2015,Gilpin,1065.0,3893.0,22015Gilpin
2,2015,Gunnison,587.0,9075.0,22015Gunnison
2,2015,Jefferson,45470.0,48086.0,22015Jefferson
2,2015,La Plata,25691.0,11858.0,22015La Plata
2,2015,Larimer,33160.0,49274.0,22015Larimer
2,2015,Las Animas,,6424.0,22015Las Animas
2,2015,Pitkin,2245.0,23537.0,22015Pitkin
2,2015,Pueblo,3328.0,26366.0,22015Pueblo
2,2015,San Miguel,1529.0,11557.0,22015San Miguel
2,2015,Summit,6351.0,50009.0,22015Summit
2,2015,Weld,10194.0,34889.0,22015Weld
2,2015,Remainder of State,15878.0,97711.0,22015Remainder of State
2,2015,El Paso,142988.0,,22015El Paso
2,2015,Fremont,6779.0,,22015Fremont
2,2015,Montezuma,3296.0,,22015Montezuma
2,2015,Route,5104.0,,22015Route
1,2015,Adams,13187.0,41848.0,12015Adams
1,2015,Arapahoe,35071.0,41272.0,12015Arapahoe
1,2015,Boulder,70604.0,93696.0,12015Boulder
1,2015,Clear Creek,2331.0,11867.0,12015Clear Creek
1,2015,Denver,408178.0,418985.0,12015Denver
1,2015,Eagle,7794.0,21287.0,12015Eagle
1,2015,Garfield,8249.0,16464.0,12015Garfield
1,2015,Gilpin,922.0,2278.0,12015Gilpin
1,2015,Gunnison,-350.0,7698.0,12015Gunnison
1,2015,Jefferson,51671.0,56419.0,12015Jefferson
1,2015,La Plata,14932.0,24406.0,12015La Plata
1,2015,Larimer,33837.0,47766.0,12015Larimer
1,2015,Pitkin,2321.0,16837.0,12015Pitkin
1,2015,Pueblo,17165.0,38458.0,12015Pueblo
1,2015,Route,4961.0,14752.0,12015Route
1,2015,San Miguel,1559.0,10158.0,12015San Miguel
1,2015,Summit,7089.0,27756.0,12015Summit
1,2015,Weld,13850.0,31015.0,12015Weld
1,2015,Remainder of State,17241.0,62071.0,12015Remainder of State
1,2015,El Paso,169625.0,,12015El Paso
1,2015,Fremont,5735.0,,12015Fremont
1,2015,Montezuma,3276.0,,12015Montezuma
12,2014,Adams,13462.0,38490.0,122014Adams
12,2014,Arapahoe,26638.0,23467.0,122014Arapahoe
12,2014,Boulder,64733.0,91020.0,122014Boulder
12,2014,Clear Creek,2585.0,8630.0,122014Clear Creek
12,2014,Denver,369967.0,419829.0,122014Denver
12,2014,Eagle,6806.0,10836.0,122014Eagle
12,2014,Garfield,7911.0,14475.0,122014Garfield
12,2014,Gunnison,1663.0,3215.0,122014Gunnison
12,2014,Jefferson,46641.0,47216.0,122014Jefferson
12,2014,La Plata,12529.0,18997.0,122014La Plata
12,2014,Larimer,31622.0,43355.0,122014Larimer
12,2014,Pitkin,2135.0,6478.0,122014Pitkin
12,2014,Pueblo,12066.0,39350.0,122014Pueblo
12,2014,San Miguel,532.0,4453.0,122014San Miguel
12,2014,Summit,4417.0,22938.0,122014Summit
12,2014,Weld,8877.0,28156.0,122014Weld
12,2014,Remainder of State,22944.0,56559.0,122014Remainder of State
12,2014,El Paso,133682.0,,122014El Paso
12,2014,Fremont,3261.0,,122014Fremont
11,2014,Boulder,70690.0,99827.0,112014Boulder
11,2014,Clear Creek,2916.0,8868.0,112014Clear Creek
11,2014,Denver,480683.0,424815.0,112014Denver
11,2014,Eagle,8584.0,10563.0,112014Eagle
11,2014,Garfield,12527.0,15391.0,112014Garfield
11,2014,Gunnison,,5371.0,112014Gunnison
11,2014,Jefferson,48972.0,48372.0,112014Jefferson
11,2014,Larimer,32168.0,43276.0,112014Larimer
11,2014,Pitkin,2430.0,7001.0,112014Pitkin
11,2014,Pueblo,6543.0,32693.0,112014Pueblo
11,2014,San Miguel,1016.0,8259.0,112014San Miguel
11,2014,Summit,4996.0,16271.0,112014Summit
11,2014,Weld,10471.0,32041.0,112014Weld
11,2014,Remainder of State,26866.0,135502.0,112014Remainder of State
11,2014,Adams,13305.0,,112014Adams
11,2014,Arapahoe,30817.0,,112014Arapahoe
11,2014,El Paso,154894.0,,112014El Paso
11,2014,Fremont,4563.0,,112014Fremont
11,2014,La Plata,15890.0,,112014La Plata
10,2014,Boulder,84153.0,101499.0,102014Boulder
10,2014,Clear Creek,2880.0,11083.0,102014Clear Creek
10,2014,Denver,420245.0,406376.0,102014Denver
10,2014,Eagle,1551.0,11167.0,102014Eagle
10,2014,Garfield,16510.0,16001.0,102014Garfield
10,2014,Gilpin,1105.0,3775.0,102014Gilpin
10,2014,Gunnison,,7460.0,102014Gunnison
10,2014,Jefferson,51577.0,47728.0,102014Jefferson
10,2014,Larimer,35881.0,39779.0,102014Larimer
10,2014,Pitkin,3177.0,9033.0,102014Pitkin
10,2014,Pueblo,7051.0,56126.0,102014Pueblo
10,2014,San Miguel,1423.0,14825.0,102014San Miguel
10,2014,Summit,6128.0,21294.0,102014Summit
10,2014,Weld,8152.0,34036.0,102014Weld
10,2014,Remainder of State,21210.0,106734.0,102014Remainder of State
10,2014,Adams,12759.0,,102014Adams
10,2014,Arapahoe,28941.0,,102014Arapahoe
10,2014,El Paso,170037.0,,102014El Paso
10,2014,Fremont,7602.0,,102014Fremont
10,2014,La Plata,19256.0,,102014La Plata
10,2014,Montezuma,3497.0,,102014Montezuma
10,2014,Routt,5495.0,,102014Routt
9,2014,Adams,13510.0,,92014Adams
9,2014,Arapahoe,32668.0,,92014Arapahoe
9,2014,Boulder,79049.0,,92014Boulder
9,2014,Chaffee,2607.0,,92014Chaffee
9,2014,Clear Creek,2886.0,,92014Clear Creek
9,2014,Denver,434878.0,,92014Denver
9,2014,Eagle,6685.0,,92014Eagle
9,2014,El Paso,177673.0,,92014El Paso
9,2014,Fremont,6973.0,,92014Fremont
9,2014,Garfield,14370.0,,92014Garfield
9,2014,Gilpin,1179.0,,92014Gilpin
9,2014,Jefferson,52806.0,,92014Jefferson
9,2014,La Plata,16366.0,,92014La Plata
9,2014,Larimer,32046.0,,92014Larimer
9,2014,Montezuma,3669.0,,92014Montezuma
9,2014,Pitkin,3356.0,,92014Pitkin
9,2014,Pueblo,11639.0,,92014Pueblo
9,2014,Routt,10693.0,,92014Routt
9,2014,San Miguel,1299.0,,92014San Miguel
9,2014,Summit,4790.0,,92014Summit
9,2014,Weld,7631.0,,92014Weld
9,2014,Remainder of State,19034.0,,92014Remainder of State
8,2014,Boulder,71626.0,92421.0,82014Boulder
8,2014,Clear Creek,3050.0,13876.0,82014Clear Creek
8,2014,Denver,376061.0,395192.0,82014Denver
8,2014,Garfield,11816.0,11386.0,82014Garfield
8,2014,Gilpin,964.0,4192.0,82014Gilpin
8,2014,Gunnison,,6326.0,82014Gunnison
8,2014,Jefferson,46348.0,44949.0,82014Jefferson
8,2014,Larimer,29607.0,34481.0,82014Larimer
8,2014,Pitkin,4435.0,14460.0,82014Pitkin
8,2014,Pueblo,16490.0,53501.0,82014Pueblo
8,2014,San Miguel,1823.0,20475.0,82014San Miguel
8,2014,Summit,5149.0,28848.0,82014Summit
8,2014,Weld,9092.0,33072.0,82014Weld
8,2014,Remainder of State,14232.0,67899.0,82014Remainder of State
8,2014,Adams,12684.0,,82014Adams
8,2014,Arapahoe,31401.0,,82014Arapahoe
8,2014,Chaffee,4228.0,,82014Chaffee
8,2014,Eagle,3377.0,,82014Eagle
8,2014,El Paso,168736.0,,82014El Paso
8,2014,Fremont,7310.0,,82014Fremont
8,2014,La Plata,16929.0,,82014La Plata
8,2014,Montezuma,3354.0,,82014Montezuma
7,2014,Boulder,63803.0,77019.0,72014Boulder
7,2014,Clear Creek,2747.0,11442.0,72014Clear Creek
7,2014,Denver,378415.0,366377.0,72014Denver
7,2014,Garfield,11069.0,11409.0,72014Garfield
7,2014,Gilpin,1269.0,5234.0,72014Gilpin
7,2014,Jefferson,49197.0,40723.0,72014Jefferson
7,2014,Pitkin,2363.0,9296.0,72014Pitkin
7,2014,Pueblo,8823.0,50988.0,72014Pueblo
7,2014,San Miguel,2035.0,9295.0,72014San Miguel
7,2014,Summit,5031.0,19959.0,72014Summit
7,2014,Weld,13084.0,22550.0,72014Weld
7,2014,Remainder of State,20933.0,75816.0,72014Remainder of State
7,2014,Adams,12144.0,,72014Adams
7,2014,Arapahoe,28959.0,,72014Arapahoe
7,2014,Chaffee,2939.0,,72014Chaffee
7,2014,Eagle,3903.0,,72014Eagle
7,2014,El Paso,158300.0,,72014El Paso
7,2014,Fremont,11845.0,,72014Fremont
7,2014,La Plata,16104.0,,72014La Plata
7,2014,Larimer,32545.0,,72014Larimer
7,2014,Montezuma,5352.0,,72014Montezuma
6,2014,Boulder,75248.0,66999.0,62014Boulder
6,2014,Clear Creek,2768.0,11848.0,62014Clear Creek
6,2014,Denver,448749.0,330940.0,62014Denver
6,2014,Garfield,14261.0,8462.0,62014Garfield
6,2014,Gilpin,1298.0,3911.0,62014Gilpin
6,2014,Jefferson,51392.0,40920.0,62014Jefferson
6,2014,Pitkin,4027.0,5360.0,62014Pitkin
6,2014,Pueblo,13263.0,41559.0,62014Pueblo
6,2014,San Miguel,1863.0,7740.0,62014San Miguel
6,2014,Summit,5659.0,31904.0,62014Summit
6,2014,Weld,14504.0,20016.0,62014Weld
6,2014,Remainder of State,16146.0,72464.0,62014Remainder of State
6,2014,Adams,19753.0,,62014Adams
6,2014,Arapahoe,29480.0,,62014Arapahoe
6,2014,Chaffee,3066.0,,62014Chaffee
6,2014,Eagle,5326.0,,62014Eagle
6,2014,El Paso,161302.0,,62014El Paso
6,2014,Fremont,4663.0,,62014Fremont
6,2014,La Plata,15120.0,,62014La Plata
6,2014,Larimer,30427.0,,62014Larimer
6,2014,Montezuma,4176.0,,62014Montezuma
6,2014,Routt,4761.0,,62014Routt
5,2014,Boulder,88590.0,53566.0,52014Boulder
5,2014,Clear Creek,2632.0,9153.0,52014Clear Creek
5,2014,Denver,421106.0,384369.0,52014Denver
5,2014,Gilpin,1214.0,3791.0,52014Gilpin
5,2014,Jefferson,67475.0,39183.0,52014Jefferson
5,2014,Pitkin,4325.0,6714.0,52014Pitkin
5,2014,Pueblo,11468.0,32603.0,52014Pueblo
5,2014,San Miguel,1429.0,6034.0,52014San Miguel
5,2014,Summit,8120.0,22761.0,52014Summit
5,2014,Weld,14716.0,14974.0,52014Weld
5,2014,Remainder of State,19731.0,66580.0,52014Remainder of State
5,2014,Adams,6351.0,,52014Adams
5,2014,Arapahoe,38484.0,,52014Arapahoe
5,2014,Eagle,8591.0,,52014Eagle
5,2014,El Paso,144236.0,,52014El Paso
5,2014,Fremont,5689.0,,52014Fremont
5,2014,Garfield,10033.0,,52014Garfield
5,2014,La Plata,22917.0,,52014La Plata
5,2014,Larimer,35514.0,,52014Larimer
5,2014,Montezuma,2134.0,,52014Montezuma
5,2014,Routt,5227.0,,52014Routt
4,2014,Boulder,94702.0,40136.0,42014Boulder
4,2014,Clear Creek,3982.0,15972.0,42014Clear Creek
4,2014,Denver,489964.0,295126.0,42014Denver
4,2014,Gilpin,970.0,3968.0,42014Gilpin
4,2014,Jefferson,57720.0,30120.0,42014Jefferson
4,2014,Pueblo,14555.0,51330.0,42014Pueblo
4,2014,San Miguel,3177.0,9620.0,42014San Miguel
4,2014,Summit,6003.0,29054.0,42014Summit
4,2014,Remainder of State,23768.0,94179.0,42014Remainder of State
4,2014,Adams,13534.0,,42014Adams
4,2014,Arapahoe,29504.0,,42014Arapahoe
4,2014,Eagle,4867.0,,42014Eagle
4,2014,El Paso,155230.0,,42014El Paso
4,2014,Fremont,6589.0,,42014Fremont
4,2014,Garfield,13101.0,,42014Garfield
4,2014,La Plata,16639.0,,42014La Plata
4,2014,Larimer,32081.0,,42014Larimer
4,2014,Pitkin,11125.0,,42014Pitkin
4,2014,Routt,5928.0,,42014Routt
4,2014,Weld,16461.0,,42014Weld
3,2014,Clear Creek,2845.0,12491.0,32014Clear Creek
3,2014,Denver,483432.0,245709.0,32014Denver
3,2014,Gilpin,918.0,6833.0,32014Gilpin
3,2014,Jefferson,55944.0,24961.0,32014Jefferson
3,2014,Pueblo,14683.0,15262.0,32014Pueblo
3,2014,San Miguel,5016.0,5786.0,32014San Miguel
3,2014,Summit,9343.0,31584.0,32014Summit
3,2014,Remainder of State,16668.0,95627.0,32014Remainder of State
3,2014,Adams,14491.0,,32014Adams
3,2014,Arapahoe,30854.0,,32014Arapahoe
3,2014,Boulder,104687.0,,32014Boulder
3,2014,Eagle,8289.0,,32014Eagle
3,2014,El Paso,177929.0,,32014El Paso
3,2014,Fremont,5063.0,,32014Fremont
3,2014,Garfield,10626.0,,32014Garfield
3,2014,La Plata,13041.0,,32014La Plata
3,2014,Larimer,33897.0,,32014Larimer
3,2014,Montezuma,2651.0,,32014Montezuma
3,2014,Pitkin,2398.0,,32014Pitkin
3,2014,Routt,9018.0,,32014Routt
3,2014,Weld,20383.0,,32014Weld
2,2014,Clear Creek,3952.0,12770.0,22014Clear Creek
2,2014,Denver,442941.0,256756.0,22014Denver
2,2014,Gilpin,1269.0,5380.0,22014Gilpin
2,2014,Jefferson,54443.0,24416.0,22014Jefferson
2,2014,San Miguel,2319.0,12121.0,22014San Miguel
2,2014,Summit,7681.0,37274.0,22014Summit
2,2014,Remainder of State,10067.0,67972.0,22014Remainder of State
2,2014,Adams,18254.0,,22014Adams
2,2014,Arapahoe,25951.0,,22014Arapahoe
2,2014,Boulder,97913.0,,22014Boulder
2,2014,Chaffee,2338.0,,22014Chaffee
2,2014,Eagle,4141.0,,22014Eagle
2,2014,El Paso,141447.0,,22014El Paso
2,2014,Fremont,4726.0,,22014Fremont
2,2014,Garfield,16674.0,,22014Garfield
2,2014,Gunnison,1992.0,,22014Gunnison
2,2014,La Plata,13422.0,,22014La Plata
2,2014,Larimer,21404.0,,22014Larimer
2,2014,Montezuma,4266.0,,22014Montezuma
2,2014,Pitkin,6999.0,,22014Pitkin
2,2014,Pueblo,6249.0,,22014Pueblo
2,2014,Routt,4171.0,,22014Routt
2,2014,Weld,20901.0,,22014Weld
9,2019,Adams,20297.0,,92019Adams
9,2019,Arapahoe,26477.0,,92019Arapahoe
9,2019,Boulder,35837.0,,92019Boulder
9,2019,Denver,362152.0,,92019Denver
9,2019,Eagle,2970.0,,92019Eagle
9,2019,El Paso,308682.0,,92019El Paso
9,2019,Garfield,2990.0,,92019Garfield
9,2019,Jefferson,43135.0,,92019Jefferson
9,2019,Larimer,22385.0,,92019Larimer
9,2019,Las Animas,1558.0,,92019Las Animas
9,2019,Pueblo,28451.0,,92019Pueblo
9,2019,Routt,4263.0,,92019Routt
9,2019,Summit,3486.0,,92019Summit
9,2019,Weld,9856.0,,92019Weld
9,2019,Sum of NR Counties,23362.0,,92019Sum of NR Counties
10,2019,Adams,20498.0,,102019Adams
10,2019,Arapahoe,23973.0,,102019Arapahoe
10,2019,Boulder,32954.0,,102019Boulder
10,2019,Clear Creek,331.0,,102019Clear Creek
10,2019,Denver,352082.0,,102019Denver
10,2019,Eagle,2603.0,,102019Eagle
10,2019,El Paso,278351.0,,102019El Paso
10,2019,Fremont,7840.0,,102019Fremont
10,2019,Garfield,2960.0,,102019Garfield
10,2019,Jefferson,36904.0,,102019Jefferson
10,2019,Larimer,23181.0,,102019Larimer
10,2019,Las Animas,732.0,,102019Las Animas
10,2019,Pueblo,26742.0,,102019Pueblo
10,2019,Routt,4308.0,,102019Routt
10,2019,Summit,2209.0,,102019Summit
10,2019,Weld,8978.0,,102019Weld
10,2019,Sum of NR Counties,19639.0,,102019Sum of NR Counties
11,2019,Adams,19152.0,,112019Adams
11,2019,Arapahoe,26106.0,,112019Arapahoe
11,2019,Boulder,33713.0,,112019Boulder
11,2019,Denver,338064.0,,112019Denver
11,2019,Eagle,2610.0,,112019Eagle
11,2019,El Paso,263194.0,,112019El Paso
11,2019,Garfield,2413.0,,112019Garfield
11,2019,Jefferson,33383.0,,112019Jefferson
11,2019,Larimer,19621.0,,112019Larimer
11,2019,Las Animas,674.0,,112019Las Animas
11,2019,Pueblo,22045.0,,112019Pueblo
11,2019,Routt,4478.0,,112019Routt
11,2019,Summit,2063.0,,112019Summit
11,2019,Weld,8923.0,,112019Weld
11,2019,Sum of NR Counties,22938.0,,112019Sum of NR Counties
12,2019,Las Animas,782.0,,122019Las Animas
12,2019,Summit,1752.0,,122019Summit
12,2019,Denver,328858.0,,122019Denver
12,2019,Garfield,3097.0,,122019Garfield
12,2019,Pueblo,21702.0,,122019Pueblo
12,2019,El Paso,250347.0,,122019El Paso
12,2019,Larimer,27848.0,,122019Larimer
12,2019,Boulder,34197.0,,122019Boulder
12,2019,Routt,4351.0,,122019Routt
12,2019,Jefferson,37553.0,,122019Jefferson
12,2019,Sum of NR Counties,23352.0,,122019Sum of NR Counties
12,2019,Weld,8821.0,,122019Weld
12,2019,Eagle,2494.0,,122019Eagle
12,2019,Arapahoe,22680.0,,122019Arapahoe
12,2019,Adams,19222.0,,122019Adams
1,2020,Larimer,22888.0,,12020Larimer
1,2020,Sum of NR Counties,25519.0,,12020Sum of NR Counties
1,2020,Garfield,4081.0,,12020Garfield
1,2020,Adams,19848.0,,12020Adams
1,2020,Las Animas,762.0,,12020Las Animas
1,2020,Weld,8826.0,,12020Weld
1,2020,Denver,332252.0,,12020Denver
1,2020,Pueblo,24781.0,,12020Pueblo
1,2020,Arapahoe,26176.0,,12020Arapahoe
1,2020,Jefferson,52654.0,,12020Jefferson
1,2020,El Paso,504474.0,,12020El Paso
1,2020,Eagle,3973.0,,12020Eagle
1,2020,Routt,4310.0,,12020Routt
1,2020,Pitkin,2048.0,,12020Pitkin
1,2020,Boulder,35498.0,,12020Boulder
2,2020,Larimer,21136.0,,22020Larimer
2,2020,Routt,4282.0,,22020Routt
2,2020,Garfield,2051.0,,22020Garfield
2,2020,Las Animas,745.0,,22020Las Animas
2,2020,El Paso,236843.0,,22020El Paso
2,2020,Jefferson,37797.0,,22020Jefferson
2,2020,Boulder,31510.0,,22020Boulder
2,2020,Denver,315554.0,,22020Denver
2,2020,Eagle,2955.0,,22020Eagle
2,2020,Adams,16934.0,,22020Adams
2,2020,Arapahoe,23241.0,,22020Arapahoe
2,2020,Pueblo,18012.0,,22020Pueblo
2,2020,Weld,8031.0,,22020Weld
2,2020,Sum of NR Counties,23601.0,,22020Sum of NR Counties
